external_source,external_id,title,description,terms_and_conditions,legacy_category_code,original_price,sale_price,currency,thumbnail_url,source_url,usage_validity_days,sale_start_time,sale_end_time,usage_start_time,usage_end_time,capacity,status,source_content_hash,crawled_at
giftpop.vn,MP2311060005,[Giftpop] Phiếu Quà Tặng Chuk Tea & Coffee - Chuk Express 500K,"Chuk Tea & Coffee phát âm như “chút” là cách nói lái mà Gen Z Việt sử dụng như một thói quen với vẻ hóm hỉnh, hài hước. Chuk ra đời trong kỷ nguyên Gen Z, khi mà thế hệ trẻ đang dần khẳng định sức ảnh hưởng mạnh mẽ của mình ở mọi lĩnh vực đời sống, bởi thế mà Chuk tự hào là một trong những thương hiệu thức uống tiên phong mang đậm chất phá cách, hiện đại và quốc tế. Với thiết kế và màu sắc thương hiệu khiến “yêu ngay từ cái nhìn đầu tiên” trong tất cả mọi câu chuyện hình ảnh, Chuk tạo ra không gian đậm chất “lifestyle” nhằm lan toả nguồn cảm hứng sáng tạo và năng lượng tích cực đến tất cả mọi người.
Chuk mang đến các món Trà và Cà phê được biến tấu đặc biệt cùng các nguyên liệu do chính đội ngũ pha chế dày công sáng tạo ra. Chuk tự tin đảm bảo về giá trị cốt lõi hoàn hảo nhất đến với người tiêu dùng, hoà quyện với các hương vị hợp “trend” nhằm mang đến sự bùng nổ vị giác thật đặc biệt.
Là một thành viên của Tập đoàn KIDO, Chuk phát triển đa dạng mô hình kinh doanh trên khắp cả nước, để mọi người có thể dễ dàng gặp gỡ Chuk tại các hệ thống cửa hàng, xe đẩy và Kiosk. Bên cạnh đó, như một người trẻ hiện đại đầy khao khát khám phá thế giới, Chuk sẽ không ngừng vươn xa, mang hình ảnh của mình đến với bạn bè quốc tế.","• Quý Khách vui lòng xuất trình voucher trước khi thanh toán.
• Mỗi voucher được sử dụng 01 lần, có thể áp dụng nhiều voucher cho 01 hóa đơn.
• Voucher có giá trị tương đương tiền mặt.
• Không có giá trị quy đổi thành tiền mặt, không được hoàn trả tiền thừa.
• Không chấp nhận mã voucher quá hạn sử dụng, trạng thái đã sử dụng.
• Voucher được áp dụng song song với các ưu đãi tại cửa hàng. Nhưng không áp dụng chung với ưu đãi của đối tác khác.
• Cửa hàng chịu trách nhiệm xuất hóa đơn tài chính khi khách hàng yêu cầu.
• Nghiêm cấm mọi hình thức mua đi bán lại, kinh doanh trái với qui định của Giftpop và cửa hàng.
• Cửa hàng có quyền từ chối áp dụng và thu hồi voucher khi phát hiện voucher đó nằm trong hành vi mua đi bán lại, kinh doanh trái với quy định của Giftpop và cửa hàng.
• Nếu giá trị đơn hàng của khách hàng vượt quá giá trị của voucher thì khách hàng phải thanh toán thêm khoản chênh lệch cho cửa hàng.
• Khách hàng có nhu cầu xuất hoá đơn vui lòng liên hệ cửa hàng.
• Khách hàng có trách nhiệm bảo mật thông tin mã thẻ quà tặng sau khi đặt mua. Giftpop sẽ không chịu trách nhiệm hoàn trả các mã thẻ bị mất hoặc ở trạng thái ""Đã sử dụng"" với bất kỳ lý do gì.
• Giftpop sẽ không chịu trách nhiệm đối với chất lượng sản phẩm hoặc dịch vụ được cung cấp cũng như đối với các tranh chấp về sau giữa khách hàng và nhà cung cấp.
• Giftpop có quyền sửa chữa hoặc thay đổi điều khoản và điều kiện sử dụng mà không thông báo trước.
• Hotline Giftpop: 1900 55 88 12.",FOOD_DRINK,500000,485000,VND,https://img.giftpop.vn/brand/CHUKTEA/MP2311060005_BASIC_origin.jpg,https://www.giftpop.vn/category/view/MP2311060005?category_code=A101,7,2026-08-20T17:00:00.000Z,2027-08-20T17:00:00.000Z,2026-08-20T17:00:00.000Z,2027-08-27T17:00:00.000Z,100,APPROVED,fa4b606c1142e6c4beed03879e26ffac5807556da21eedc478ebd0541df77ce8,2026-08-25T04:40:09.705Z
giftpop.vn,MP2605070005,Phiếu quà tặng Ngư Phàn 1000K,"Ngư là cá. Phàn là cơm.
Một bữa ăn mang phong vị Trung Hoa, đủ đầy và có thể lặp lại mỗi ngày.
Phiếu Quà Tặng Ngư Phàn là món quà dành cho những ai yêu thích bữa ăn mang cảm hứng Trung Hoa ấm áp và dễ thưởng thức mỗi ngày.
Phiếu có thể sử dụng cho các món canh cá đặc trưng, cơm và các món ăn chia sẻ lấy cảm hứng từ ẩm thực Tứ Xuyên tại Ngư Phàn.
Được thiết kế cho nhiều nhu cầu dùng bữa — từ bữa ăn nhanh một mình đến những buổi gặp gỡ thân mật — người nhận có thể tự lựa chọn hương vị, độ cay và khẩu phần phù hợp.
Một quán ăn Trung Hoa phù hợp cho bữa ăn hàng ngày của bạn.
Everyday Chinese Eatery.","• Mỗi voucher chỉ được sử dụng 01 lần có thể áp dụng được nhiều voucher cho 01 đơn hàng.
• Không có giá trị quy đổi thành tiền mặt, không được hoàn trả tiền thừa.
• Voucher không hoàn trả hoặc bán lại được.
• Nếu giá tiền đơn đặt hàng của khách hàng vượt quá giá trị của voucher thì khách hàng phải thanh toán thêm số tiền chênh lệch đó.
• Voucher không áp dụng cho các thức uống có cồn.
• Voucher không áp dụng với chương trình ưu đãi sinh nhật hạng hội viên, ưu đãi hạng hội viên nhân viên SBO, hạng hội viên cư dân Vinhome, Tặng món.
• Voucher KHÔNG được áp dụng chung với các chương trình khuyến mãi khác, Voucher ưu đãi khác tại cửa hàng.
• Voucher được áp dụng trong các ngày Lễ Tết.
• Cửa hàng sẽ xuất hoá đơn VAT khi khách hàng cho nhu cầu.
• Khách hàng có trách nhiệm bảo mật thông tin mã thẻ quà tặng sau khi đặt mua. Giftpop sẽ không chịu trách nhiệm hoàn trả các mã thẻ bị mất hoặc ở trạng thái ""Đã sử dụng"" với bất kỳ lý do gì.
• Giftpop sẽ không chịu trách nhiệm đối với chất lượng sản phẩm hoặc dịch vụ được cung cấp cũng như đối với các tranh chấp về sau giữa khách hàng và nhà cung cấp.
• Giftpop có quyền sửa chữa hoặc thay đổi điều khoản và điều kiện sử dụng mà không thông báo trước.
• Hotline Giftpop: 1900 55 88 12.",FOOD_DRINK,1000000,,VND,https://img.giftpop.vn/brand/NGUPHAN/MP2605070005_BASIC_origin.jpg,https://www.giftpop.vn/category/view/MP2605070005?category_code=A102,30,2026-08-20T17:00:00.000Z,2027-08-20T17:00:00.000Z,2026-08-20T17:00:00.000Z,2027-09-19T17:00:00.000Z,100,APPROVED,05cc61e4489e9b83619c01e68ca36f5f60ce575a637e08d332b9dc1c7c15c0b4,2026-08-25T04:40:09.705Z
giftpop.vn,MP2502270006,[Giftpop] Phiếu quà tặng TOUS les JOURS 30K,"Với sự ra đời của cửa hàng đầu tiên tại Việt Nam vào năm 2007, chuỗi cửa hàng TOUS les JOURS khẳng định vị trí dẫn đầu trong phân khúc cao cấp bánh và cà phê của ngành công nghiệp thực phẩm.
Tên gọi “TOUS les JOURS” được bắt nguồn từ 1 cụm từ trong tiếng Pháp có nghĩa là “mỗi ngày”, chúng tôi hiểu rằng những chiếc bánh mới ra lò là những chiếc bánh ngon nhất. TOUS les JOURS đặc biệt chọn lọc những nguyên liệu tốt cho sức khỏe cũng như chú trọng sự tươi mới của từng sản phẩm khi đến tay khách hàng. TOUS les JOURS luôn ưu tiên là chất lượng sản phẩm đi kèm với dịch vụ, lấy khách hàng là trọng tâm, cam kết phát triển lâu dài và nâng cao chất lượng phục vụ người tiêu dùng Việt Nam. Với sự phát triển tại Việt Nam hiện nay hệ thống của TOUS les JOURS đã có mặt tại khắp các tỉnh thành.
Phiếu quà tặng TOUS les JOURS có giá trị tương đương tiền mặt, được dùng để thanh toán hóa đơn mua hàng tại cửa hàng. Phiếu quà tặng với nhiều mệnh giá sẽ là giải pháp hoàn hảo cho doanh nghiệp dùng tặng thưởng cho nhân viên, cũng sẽ là món quà ý nghĩa và thiết thực cho bạn dành tặng người thân, bạn bè nhân dịp lễ tết, sinh nhật...","• Mỗi voucher được sử dụng 01 lần, áp dụng nhiều voucher/ hóa đơn.
• Voucher chỉ áp dụng cho đơn hàng có giá trị bằng hoặc lớn hơn giá trị voucher. Không áp dụng cho đơn hàng có giá trị thấp hơn giá trị voucher.
• Không áp dụng cho giao dịch giao hàng tận nơi hoặc đặt hàng qua bên thứ ba.
• Voucher chỉ áp dụng cho mua sản phẩm với giá gốc, không kèm theo chương trình khuyến mãi nào khác tại cửa hàng và chương trình thẻ thành viên CJ Member.
• Không áp dụng voucher khi mua thẻ quà tặng của TOUS les JOURS (Gift Card).
• Không đổi được ra tiền mặt một phần hoặc toàn bộ, không hoàn trả hoặc bán lại được.
• Không chấp nhận mã voucher quá hạn sử dụng, trạng thái đã sử dụng.
• Nếu giá trị đơn hàng của khách hàng vượt quá giá trị của voucher thì khách hàng phải thanh toán thêm khoản chênh lệch đó.
• Khách hàng có trách nhiệm bảo mật thông tin mã thẻ quà tặng sau khi đặt mua. Giftpop sẽ không chịu trách nhiệm hoàn trả các mã thẻ bị mất hoặc ở trạng thái ""Đã sử dụng"" với bất kỳ lý do gì.
• Giftpop sẽ không chịu trách nhiệm đối với chất lượng sản phẩm hoặc dịch vụ được cung cấp cũng như đối với các tranh chấp về sau giữa khách hàng và nhà cung cấp.
• Giftpop có quyền sửa chữa hoặc thay đổi điều khoản và điều kiện sử dụng mà không thông báo trước.
• Hotline Giftpop: 1900 55 88 12",FOOD_DRINK,30000,29100,VND,https://img.giftpop.vn/brand/TOUSLESJOURS/MP2502270006_BASIC_origin.jpg,https://www.giftpop.vn/category/view/MP2502270006?category_code=A103,7,2026-08-19T17:00:00.000Z,2027-08-19T17:00:00.000Z,2026-08-19T17:00:00.000Z,2027-08-26T17:00:00.000Z,100,APPROVED,c6249a1af73e562c4e3916ca06aed419f6c995a1207f18d1ff0a0e48735f4ca8,2026-08-25T04:40:09.705Z
giftpop.vn,MP2606300004,[Ver4] D'Maris Voucher Vé Buffet Trong Tuần Buổi Trưa,"- D’Maris là một chuỗi hệ thống các nhà hàng theo phong cách buffet bắt nguồn từ Hàn Quốc. Từ sự kết hợp chữ “D” trong “Delicious” và “Maris” mang nghĩa “gió biển” trong tiếng Latinh, tên gọi D’Maris ẩn chứa ý nghĩa “Hương vị gió biển”. D’Maris có mặt tại Việt Nam và đã trở thành một địa điểm thưởng thức ẩm thực thú vị dành cho mọi người.
- D’Maris đã trở thành một địa chỉ thưởng thức ẩm thực tuyệt vời, với không gian rộng lớn hơn 3.000m2, đội ngũ nhân viên chuyên nghiệp và chất lượng dịch vụ đạt chuẩn 5 sao.
- Đến với D’Maris, thực khách sẽ được trải nghiệm hành trình ẩm thực phong phú qua nhiều quốc gia trên thế giới như Hàn Quốc, Nhật Bản, châu Âu và không thể thiếu Việt Nam với thực đơn hơn 250 món ăn được ví như “tinh hoa ẩm thực” của từng quốc gia.
- Để làm nên chất lượng tuyệt hảo cho từng món ăn, D’Maris luôn chú trọng vào khâu lựa chọn những loại nguyên liệu tươi ngon, được nhập khẩu từ hệ thống các nhà cung cấp uy tín. Nguyên liệu được kiểm tra đầu ngày qua quy trình gắt gao, ưu tiên sử dụng nguyên liệu xanh và sạch, đúng mùa và chỉ sử dụng trong ngày để đảm bảo hương vị tươi ngon nhất.
- Đội ngũ đầu bếp tại D’Maris có nhiều kinh nghiệm, đến từ Hàn Quốc và Việt Nam, đã lấy danh dự và tấm lòng thành của bản thân mình đặt trọn vào các món ăn. Đặc biệt tất cả món ăn đều được nấu trực tiếp tại quầy (ngoại trừ kim chi, các thực phẩm muối chua, bánh quy).","• Voucher chỉ áp dụng tại khu vực Thành phố Hồ Chí Minh.
• Khách hàng vui lòng đưa voucher cho nhân viên khi thanh toán.
• Thời gian áp dụng Vé Buffet ngày thường Buổi trưa: 11:30 - 15:00, thứ 2 đến thứ 6 (không áp dụng các ngày lễ tết)
• Voucher không bao gồm bia, rượu và các loại đồ uống trong menu tính phí
• Chính sách cho trẻ em:
* Thứ 2 - Thứ 6:
- Trẻ em dưới 48 tháng tuổi miễn phí giá vé.
- Trẻ em từ 4~6 tuổi : 278.640 vnd/1 bé (thanh toán tại nhà hàng).
- Trẻ em từ 7~12 tuổi : 408.240 vnd/1 bé (thanh toán tại nhà hàng).
- Trên 12 tuổi: tính như người lớn.
• Không áp dụng mang về. Voucher đã bao gồm VAT và phí phục vụ. Nhà hàng chịu trách nhiệm xuất hóa đơn khi khách hàng yêu cầu. Hóa đơn chỉ xuất cho khách hàng tới sử dụng vé thực tế tại nhà hàng.
• Khách hàng vui lòng đặt chỗ trước khi đến 1 ngày để được phục vụ tốt nhất qua hotline của các chi nhánh như sau:
- Chi nhánh Phú Mỹ Hưng: 1900 0036 - (028) 3776 0600.
- Chi nhánh Cộng Hòa: 1900 0010 - (028) 3811 2222
- Chi nhánh An Phú: 1900 0029 - (028) 3740 8313
• Nhà hàng không bảo đảm chỗ ngồi cho khách nếu không đặt chỗ.
• Voucher không áp dụng đồng thời với các chương trình khuyến mãi khác.
• Voucher không có giá trị quy đổi thành tiền mặt, không trả lại tiền thừa.
• Khách hàng có trách nhiệm bảo mật thông tin mã thẻ quà tặng sau khi đặt mua. Giftpop sẽ không chịu trách nhiệm hoàn trả các mã thẻ bị mất hoặc ở trạng thái ""Đã sử dụng"" với bất kỳ lý do gì.
• Giftpop sẽ không chịu trách nhiệm đối với chất lượng của sản phẩm hoặc dịch vụ được cung cấp cũng như đối với các tranh chấp về sau giữa khách hàng và nhà cung cấp.
• Giftpop có quyền sửa chữa hoặc thay đổi điều khoản và điều kiện sử dụng mà không thông báo trước.",FOOD_DRINK,548640,,VND,https://img.giftpop.vn/brand/DMARIS/MP2606300004_BASIC_origin.jpg,https://www.giftpop.vn/category/view/MP2606300004?category_code=A104,30,2026-08-21T17:00:00.000Z,2027-08-21T17:00:00.000Z,2026-08-21T17:00:00.000Z,2027-09-20T17:00:00.000Z,100,APPROVED,3860acd99a38b35add53a4149a8e413c454b966ef03ba552fac7ebcb1ecdc9cb,2026-08-25T04:40:09.705Z
giftpop.vn,CB2507180001,Combo phiếu quà tặng Golden Gate 500k x 10,"* Thương hiệu áp dụng voucher Golden Gate
Ashima, K-Pub, 37th Street, Hutong, Shogun, Gogi House, Kichi-Kichi, Isushi, Sumo Yakiniku, Cowboy Jack's, Daruma, Yutang, ManWah, Crystal Jade Kitchen, Ktop, Vuvuzela, 500 Pizzeria, Citi Station, Union District Pizza & Grill, Mak Mak, 7Fuku Izakaya, 99 Cents Fresh Pizza, Chixmax, Cloud Pot, Flychef, Hàng Cuốn, Icook, K Pub +, Man Tang Guo, Phở Inn, Sừng Quăn, The Coffee Inn, Universal Tea, Quán Nướng Bò Vui, Mala Gang, Blue Bay, SushiX, Lách Ca Lách Cách, WOW Yakiniku.
Đến với Golden Gate, tùy theo sở thích và khẩu vị của mỗi người mà bạn có thể chọn cho mình thực đơn món ăn phù hợp, tất cả menu đều được chuẩn bị công phu, kỹ lưỡng và nghệ thuật từ các đầu bếp nổi tiếng, lành nghề. Cùng với đó là chuỗi cung ứng nguyên liệu đầu vào tươi ngon, đảm bảo an toàn, tiết kiệm đáng kể chi phí. Đặc biệt, đến với Golden Gate với 18 thương hiệu cùng với hơn 300 nhà hàng, có các món nói là nhớ như buffet lẩu đặc trưng, buffet băng chuyền hiện đại hay buffet nướng đậm đà. Tất cả đều mang một dấu ấn riêng biệt từ hương vị, không gian thiết kế cho đến phong cách phục vụ của các nhân viên tạo cái nhìn thiện cảm từ thực khách, níu chân họ quay lại ghé thăm.
Phiếu quà tặng tiền mặt Golden Gate mệnh giá từ 100k đến 1000k sẽ là giải pháp hoàn hảo cho doanh nghiệp dùng tặng hoặc thưởng cho nhân viên, cũng sẽ là món quà ý nghĩa và thiết thực cho bạn dành tặng cho bạn bè nhân mỗi dịp lễ tết, sinh nhật...
Phiếu quà tặng tiền mặt áp dụng để mua được tất cả các sản phẩm tại nhà hàng một cách nhanh chóng, sử dụng dễ dàng, lan tỏa yêu thương.","• Voucher có giá trị tại toàn bộ hệ thống nhà hàng của Golden Gate và website: https://gdelivery.vn/
• Nhà hàng chỉ chấp nhận thanh toán e-Voucher có QR/Barcode, không chấp nhận bản sao của mã e-Voucher dưới mọi hình thức (bản in photo, hình ảnh, scan, mã số...).
• Mỗi voucher được sử dụng 01 lần, có thể áp dụng nhiều voucher cho 01 hóa đơn.
• Không có giá trị quy đổi thành tiền mặt, không được hoàn trả tiền thừa.
• Không chấp nhận mã voucher quá hạn sử dụng, trạng thái đã sử dụng.
• Voucher được áp dụng song song với các ưu đãi tại nhà hàng.
• Voucher không áp dụng tích điểm, tích G-coin trên TGS và các ưu đãi khác của G-people.
• Nghiêm cấm mọi hình thức mua đi bán lại, kinh doanh trái với qui định của GiftPop và Golden Gate.
• Golden Gate có quyền từ chối áp dụng và thu hồi voucher khi phát hiện voucher đó nằm trong hành vi mua đi bán lại, kinh doanh trái với quy định của Giftpop và Golden Gate.
• Nếu giá trị đơn hàng của khách hàng vượt quá giá trị của voucher thì khách hàng phải thanh toán thêm khoản chênh lệch đó.
• Voucher có giá trị tương đương tiền mặt.
• Golden Gate chịu trách nhiệm xuất hóa đơn VAT cho khách hàng sử dụng tại nhà hàng.
• Chỉ xuất hóa đơn VAT cho khách hàng trực tiếp dùng bữa tại nhà hàng.
• Khách hàng có trách nhiệm bảo mật thông tin mã thẻ quà tặng sau khi đặt mua. Giftpop sẽ không chịu trách nhiệm hoàn trả các mã thẻ bị mất hoặc ở trạng thái ""Đã sử dụng"" với bất kỳ lý do gì.
• Giftpop sẽ không chịu trách nhiệm đối với chất lượng sản phẩm hoặc dịch vụ được cung cấp cũng như đối với các tranh chấp về sau giữa khách hàng và nhà cung cấp.
• Giftpop có quyền sửa chữa hoặc thay đổi điều khoản và điều kiện sử dụng mà không thông báo trước.
• Hotline Giftpop: 1900 55 88 12.",FOOD_DRINK,5000000,,VND,https://img.giftpop.vn/combo/CB2507180001_BASIC_origin.jpg,https://www.giftpop.vn/category/view/CB2507180001?category_code=A105,7,2026-08-19T17:00:00.000Z,2027-08-19T17:00:00.000Z,2026-08-19T17:00:00.000Z,2027-08-26T17:00:00.000Z,100,APPROVED,98812b15b49e2dbfb2adcb4f1c2dbb165ee01f4d8649e3f46e7048b4f5b1d71d,2026-08-25T04:40:09.705Z
giftpop.vn,1PEMP2425142201,Bulgogi Burger Set,"Nếu bạn đang băn khoăn tìm kiếm một quán ăn giá cả ""hạt dẻ"", không gian thoáng mát, tiện nghi, đồ ăn ngon, phong phú lựa chọn, sạch sẽ, dù bạn đi ăn một mình, với bạn bè, người thân, hay không gian tổ chức một bữa tiệc nhỏ nhỏ xinh xinh... Lotteria là lựa chọn tuyệt vời nhất.
Với voucher Bulgogi Burger Set bạn có:
- 01 Burger Bulgogi
- 01 Pepsi (M)","• Voucher không áp dụng hình thức đổi trả/ hủy/ hoàn tiền.
• Được sử dụng tối đa 5 voucher/ ngày/ hóa đơn.
• Không áp dụng đổi hàng cho đơn hàng số lượng lớn (theo quy định của Lotteria).
• Mỗi voucher chỉ được sử dụng 01 lần.
• Chỉ áp dụng cho một số sản phẩm nhất định.
• Trong trường hợp sản phẩm được chỉ định không có sẵn, khách hàng có thể lựa chọn các sản phẩm có cùng giá trị.
• Không đổi được ra tiền mặt một phần hoặc toàn bộ.
• Không hoàn trả hoặc bán lại được.
• Nếu giá tiền đơn đặt hàng của khách hàng vượt quá giá trị của voucher thì khách hàng phải thanh toán thêm số tiền chênh lệch đó.
• Voucher không áp dụng cho các chương trình khuyến mãi khác.
• Khách hàng có trách nhiệm bảo mật thông tin mã thẻ quà tặng sau khi đặt mua. Giftpop sẽ không chịu trách nhiệm hoàn trả các mã thẻ bị mất hoặc ở trạng thái ""đã sử dụng"" với bất kỳ lý do gì.
• Giftpop sẽ không chịu trách nhiệm đối với chất lượng của sản phẩm được cung cấp cũng như đối với các tranh chấp về sau giữa khách hàng và nhà cung cấp.
• Giftpop có quyền sửa chữa hoặc thay đổi điều khoản và điều kiện sử dụng mà không thông báo trước.
• Hotline Giftpop: 1900 55 88 12",FOOD_DRINK,62000,55500,VND,https://img.giftpop.vn/brand/LOTTERIA/1PEMP2425142201_BASIC_origin.jpg,https://www.giftpop.vn/category/view/1PEMP2425142201?category_code=A106,7,2026-08-20T17:00:00.000Z,2027-08-20T17:00:00.000Z,2026-08-20T17:00:00.000Z,2027-08-27T17:00:00.000Z,100,APPROVED,01be635c2fcc0b9a0e87cb92b5e8560d04c1928dd1b64d1a60d7e7777311a4b4,2026-08-25T04:40:09.705Z
giftpop.vn,MP2205300005,Phiếu quà tặng Pizza 4P's 1000k,"4P's có nghĩa ""For Peace"" - cho Hòa Bình tràn ngập trên toàn thế giới.
Tham vọng ở Pizza 4P's không chỉ đơn giản là ""Một nhà hàng Pizza tuyệt vời"" mà chúng tôi có một tầm nhìn lớn hơn thế nữa - Làm cho thế giới mỉm cười vì Hòa bình.
Phục vụ những món ăn ngon cho thực khách thưởng thức là một nghĩa vụ thiêng liêng của nhà hàng. Thêm vào đó, chúng tôi luôn cố gắng không chỉ là một nhà hàng đơn thuần mà điều chúng tôi mong muốn khi mỗi vị khách khi bước vào nhà hàng 4P’s đều cảm thấy phấn khích hơn, hạnh phúc trọn vẹn hơn. Mọi điều chúng tôi làm là luôn luôn hướng đến ""Mang lại WOW, Chia sẻ hạnh phúc"" cho tất cả mọi người.
Phiếu quà tặng Pizza 4P's có giá trị tương đương tiền mặt, được dùng để thanh toán hóa đơn mua hàng tại cửa hàng hoặc dịch vụ giao hàng tại Pizza 4P's. Phiếu quà tặng với nhiều mệnh giá sẽ là giải pháp hoàn hảo cho doanh nghiệp dùng tặng thưởng cho nhân viên, cũng sẽ là món quà ý nghĩa và thiết thực cho bạn dành tặng người thân, bạn bè nhân dịp lễ tết, sinh nhật...
Hướng dẫn sử dụng voucher trên website Pizza 4P's:
- Phiên bản máy tính Pizza 4P's
- Phiên bản điện thoại Pizza 4P's
1. Trên máy tính:
- Chọn sản phẩm cần mua cho vào Giỏ hàng
- Vào giỏ hàng, nhập mã voucher vào phần E-voucher. Bấm Use
- Nhập thông tin giao hàng
- Thanh toán phần tiền còn lại của Đơn hàng
2. Trên điện thoại:
- Chọn sản phẩm cần mua cho vào Giỏ hàng
- Vào giỏ hàng, nhập mã voucher vào phần Use your voucher. Bấm Use
- Nhập thông tin giao hàng
- Thanh toán phần tiền còn lại của Đơn hàng","• Voucher có thể áp dụng khi dùng bữa tại nhà hàng hoặc đặt hàng mang về trên website Pizza 4P’s.
• Voucher được áp dụng lễ Tết, nhà hàng phụ thu 15% phí dịch vụ.
• Với những trường khách hàng mua voucher ngoài các nền tảng không chính thống. Giftpop và Pizza 4PS sẽ không hỗ trợ. Mong quý khách thông cảm.
• Mỗi voucher được sử dụng 01 lần, có thể áp dụng nhiều voucher cho 01 hóa đơn.
• Voucher không có giá trị quy đổi thành tiền mặt, không được hoàn trả tiền thừa.
• Voucher quá hạn sử dụng hoặc ở trạng thái “đã sử dụng” sẽ không được chấp nhận thanh toán.
• Nếu giá trị đơn hàng vượt quá giá trị của voucher thì Quý khách sẽ thanh toán thêm cho khoản chênh lệch.
• Pizza 4P’s chịu trách nhiệm xuất hóa đơn tài chính khi Quý khách yêu cầu.
• Quý khách có trách nhiệm bảo mật thông tin mã thẻ quà tặng sau khi đặt mua. Giftpop và Pizza 4P’s sẽ không chịu trách nhiệm hoàn trả các mã thẻ bị mất hoặc ở trạng thái ""đã sử dụng"" với bất kỳ lý do gì.
• Giftpop sẽ không chịu trách nhiệm đối với chất lượng sản phẩm hoặc dịch vụ được cung cấp cũng như đối với các tranh chấp về sau giữa khách hàng và nhà cung cấp.
• Giftpop có quyền sửa chữa hoặc thay đổi điều khoản và điều kiện sử dụng mà không thông báo trước.
• Hotline Giftpop: 1900 55 88 12.",FOOD_DRINK,1000000,970000,VND,https://img.giftpop.vn/brand/PIZZA4PS/MP2205300005_BASIC_origin.jpg,https://www.giftpop.vn/category/view/MP2205300005?category_code=A107,30,2026-08-19T17:00:00.000Z,2027-08-19T17:00:00.000Z,2026-08-19T17:00:00.000Z,2027-09-18T17:00:00.000Z,100,APPROVED,2efd3f3d0418df1f2a9b6cd39ae746a88bf8c99c0b246c4d879fbadee25e6bf2,2026-08-25T04:40:09.705Z
giftpop.vn,MP2107290006,Phiếu quà tặng Marc Fashion 1000K,"Phiếu quà tặng MARC có giá trị tương đương tiền mặt từ 30.000 VNĐ - 1.000.000 VNĐ được dùng để thanh toán cho hóa đơn tại MARC.
Phiếu quà tặng MARC sẽ là giải pháp hoàn hảo cho doanh nghiệp dùng tặng hoặc thưởng cho nhân viên, cũng sẽ là món quà ý nghĩa và thiết thực cho bạn dành tặng cho bạn bè nhân mỗi dịp lễ tết, sinh nhật...
Các mẫu thiết kế của MARC luôn mang đậm phong cách phóng khoáng và tự do. Sự kết hợp hài hoà giữa hai dòng thời trang basic và trendy khiến các thiết kế vừa mang tính tiện dụng, phù hợp với nhiều bối cảnh hằng ngày mà vẫn bắt kịp xu hướng mốt của năm, hy vọng sẽ đáp ứng được sự yêu mến và tin cậy của quý khách hàng về dòng sản phẩm thời trang chất lượng cao.","• Khách hàng được áp dụng nhiều voucher/1 hóa đơn và được quyền tách hóa đơn (theo SP) để áp dụng nhiều voucher, nhưng không được quyền chuyển 1 phần hoặc toàn bộ voucher thành tiền mặt.
• Áp dụng cho tất cả các sản phẩm (bao gồm hàng giảm giá).
• Áp dụng cùng với các chương trình khuyến mãi khác.
• Áp dụng tích điểm cho chương trình khách hàng thân thiết.
• Áp dụng chung chương trình giảm giá thẻ thành viên, voucher thăng hạng, voucher sinh nhật, coupon giảm giá.
• Không áp dụng đổi trả hàng tại của hàng.
• Khách hàng vui lòng liên hệ Marc khi có nhu cầu xuất hoá đơn tài chính.
• Thời gian hoạt động: Từ 9h00 - 21h30.
• Không có giá trị quy đổi thành tiền mặt, không được hoàn trả tiền thừa.
• Voucher không hoàn trả hoặc bán lại được.
• Nếu giá trị đơn hàng của khách hàng vượt quá giá trị của voucher thì khách hàng phải thanh toán thêm khoản chênh lệch bằng tiền mặt, thẻ ATM, mastercard, thẻ visa...
• Khách hàng có trách nhiệm bảo mật thông tin mã thẻ quà tặng sau khi đặt mua. Giftpop sẽ không chịu trách nhiệm hoàn trả các mã thẻ bị mất hoặc ở trạng thái """"Đã sử dụng"""" với bất kỳ lý do gì.
• Giftpop sẽ không chịu trách nhiệm đối với chất lượng sản phẩm hoặc dịch vụ được cung cấp cũng như đối với các tranh chấp về sau giữa khách hàng và nhà cung cấp.
• Giftpop có quyền sửa chữa hoặc thay đổi điều khoản và điều kiện sử dụng mà không thông báo trước.
• Hạn sử dụng: 90 ngày kể từ ngày mua/gửi quà thành công từ Giftpop.vn.
• Hotline Giftpop: 1900 55 88 12.",SHOPPING_RETAIL,1000000,960000,VND,https://img.giftpop.vn/brand/MARCFASHION/MP2107290006_BASIC_origin.jpg,https://www.giftpop.vn/category/view/MP2107290006?category_code=A108,7,2026-08-21T17:00:00.000Z,2027-08-21T17:00:00.000Z,2026-08-21T17:00:00.000Z,2027-08-28T17:00:00.000Z,100,APPROVED,3834d17c06fb1cd0d4d5946af738986521a4d614420fbea56e13eecc91c1d42d,2026-08-25T04:40:09.705Z
giftpop.vn,MP2504290008,Gói Massage Cổ Vai Gáy 45 Phút,"Gói Massage Cổ Vai Gáy 45 phút gồm các bước:
- Massage đá nóng cổ vai gáy
- Massage đầu và tay
- Chườm túi thảo dược mắt và vai
- Cạo gió ngọc bích
- Trượt giác
- Đắp bùn cứu
Tiệm gội Ả là nơi bạn tìm thấy sự thư giãn và chăm sóc trọn vẹn với gội đầu dưỡng sinh, massage trị liệu và chăm sóc tóc bằng thảo dược thiên nhiên. Mỗi liệu trình là một trải nghiệm giúp bạn xua tan mệt mỏi, phục hồi sức sống từ trong ra ngoài.
Ghé ngay Tiệm gội Ả để tận hưởng dịch vụ tốt nhất với sự tận tâm trong từng chi tiết!","• Mỗi voucher chỉ được sử dụng 01 lần có thể áp dụng được nhiều voucher cho 01 đơn hàng.
• Không có giá trị quy đổi thành tiền mặt, không được hoàn trả tiền thừa.
• Không hoàn trả hoặc bán lại được.
• Áp dụng cho sản phẩm được chỉ định.
• Nếu giá tiền đơn đặt hàng của khách hàng vượt quá giá trị của voucher thì khách hàng phải thanh toán thêm số tiền chênh lệch đó.
• Khách hàng có trách nhiệm bảo mật thông tin mã thẻ quà tặng sau khi đặt mua. Giftpop sẽ không chịu trách nhiệm hoàn trả các mã thẻ bị mất hoặc ở trạng thái ""Đã sử dụng"" với bất kỳ lý do gì.
• Giftpop sẽ không chịu trách nhiệm đối với chất lượng sản phẩm hoặc dịch vụ được cung cấp cũng như đối với các tranh chấp về sau giữa khách hàng và nhà cung cấp.
• Giftpop có quyền sửa chữa hoặc thay đổi điều khoản và điều kiện sử dụng mà không thông báo trước.
• Hotline Giftpop: 1900 55 88 12.",BEAUTY_HEALTH,259000,240870,VND,https://img.giftpop.vn/brand/TIEMGOIA/MP2504290008_BASIC_origin.jpg,https://www.giftpop.vn/category/view/MP2504290008?category_code=A110,45,2026-08-20T17:00:00.000Z,2027-08-20T17:00:00.000Z,2026-08-20T17:00:00.000Z,2027-10-04T17:00:00.000Z,100,APPROVED,66d2cda6c7270cc2e661b7b4a0777ecdc71fb94927d99d15e0548e72ca2d4365,2026-08-25T04:40:09.705Z
giftpop.vn,MP2603020001,Phiếu quà tặng PNJ 5000k,"PNJ tự hào luôn song hành trong từng đổi thay thế hệ phụ nữ Việt, mang đến những chế tác hoàn mỹ, tôn vinh và yêu chiều vẻ đẹp đích thực trong suốt những năm qua.
Mang nét đẹp đích thực ẩn chứa sau những câu chuyện rất riêng, mỗi dòng trang sức từ PNJ là lời ước hẹn yêu thương gửi đến phái đẹp. Một món nữ trang thẩm mỹ và đầy ý nghĩa giúp bạn chạm vào trái tim nàng bằng xúc cảm, cho chuyện tình đầy lãng mạn!","• Không áp dụng với các sản phẩm vàng 24K, vàng miếng, vàng nhẫn, khoen và kim cương vỉ.
• Đối với mua, bán vàng tại hệ thống của PNJ:
- ÁP DỤNG đối với giao dịch: Mua, bán vàng có giá trị dưới 20 triệu đồng trong 1 ngày của 1 khách hàng.
- KHÔNG ÁP DỤNG đối với giao dịch: Mua, bán vàng có giá trị từ 20 triệu trở lên trong 1 ngày của 1 khách hàng.
• Đối với mua, bán sản phẩm khác (không phải vàng) tại hệ thống của PNJ: Phiếu quà tặng áp dụng không giới hạn giá trị.
• Mỗi voucher được sử dụng 01 lần, chỉ áp dụng tối đa 20 voucher/01 hóa đơn.
• Không có giá trị quy đổi thành tiền mặt, không được hoàn trả tiền thừa.
• Không chấp nhận mã voucher quá hạn sử dụng, trạng thái đã sử dụng.
• Voucher đã sử dụng không áp dụng hoàn/ huỷ dưới mọi hình thức.
• Voucher được áp dụng chung với các chương trình khuyến mãi khác.
• Nếu giá trị đơn hàng của khách hàng vượt quá giá trị của voucher thì khách hàng phải thanh toán thêm khoản chênh lệch đó.
• Khách hàng có trách nhiệm bảo mật thông tin mã thẻ quà tặng sau khi đặt mua. Giftpop sẽ không chịu trách nhiệm hoàn trả các mã thẻ bị mất hoặc ở trạng thái ""đã sử dụng"" với bất kỳ lý do gì.
• Giftpop sẽ không chịu trách nhiệm đối với chất lượng sản phẩm hoặc dịch vụ được cung cấp cũng như đối với các tranh chấp về sau giữa khách hàng và nhà cung cấp.
• Giftpop có quyền sửa chữa hoặc thay đổi điều khoản và điều kiện sử dụng mà không thông báo trước.
• Hotline Giftpop: 1900 55 88 12.",SHOPPING_RETAIL,5000000,,VND,https://img.giftpop.vn/brand/PNJ/MP2603020001_BASIC_origin.jpg,https://www.giftpop.vn/category/view/MP2603020001?category_code=A111,45,2026-08-20T17:00:00.000Z,2027-08-20T17:00:00.000Z,2026-08-20T17:00:00.000Z,2027-10-04T17:00:00.000Z,100,APPROVED,e40a405c523735a3c9553078fbe09f68193915e5c28bda43a47c042f11562d60,2026-08-25T04:40:09.705Z
giftpop.vn,MP2508150005,H Plus Gói Tầm Soát Ung Thư Toàn Diện,"Các dịch vụ trong gói khám bao gồm:
1. Chụp cộng hưởng từ toàn thân tầm soát và đánh giá giai đoạn TNM không tiêm tương phản (≥ 3T)
Chụp cộng hưởng từ toàn thân là kỹ thuật chẩn đoán hình ảnh quét toàn bộ cơ thể (thường là từ đỉnh đầu đến giữa đùi) bằng máy quét MRI chuẩn, không tiếp xúc với bức xạ ion hóa. Nó làm tăng tốc quá trình đánh giá giai đoạn ung thư và cho phép việc điều trị bắt đầu nhanh chóng.
2. Đọc kết quả tư vấn với bác sĩ chuyên khoa","• Mỗi phiếu quà tặng chỉ được sử dụng một lần, có thể áp dụng nhiều phiếu quà tặng trên một hóa đơn.
• Phiếu quà tặng không được hủy/đổi/trả/hoàn tiền.
• Phiếu quà tặng không được quy đổi thành tiền mặt.
• Hplus sẽ xuất hóa đơn VAT theo yêu cầu của khách hàng.
• Khách hàng có trách nhiệm bảo mật thông tin mã thẻ quà tặng sau khi đặt mua. Giftpop sẽ không chịu trách nhiệm hoàn trả các mã thẻ bị mất hoặc ở trạng thái ""Đã sử dụng"" với bất kỳ lý do gì.
• Giftpop sẽ không chịu trách nhiệm đối với chất lượng sản phẩm hoặc dịch vụ được cung cấp cũng như đối với các tranh chấp về sau giữa khách hàng và nhà cung cấp.
• Giftpop có quyền sửa chữa hoặc thay đổi điều khoản và điều kiện sử dụng mà không thông báo trước.
• Hotline Giftpop: 1900 55 88 12.",BEAUTY_HEALTH,16000000,14400000,VND,https://img.giftpop.vn/brand/HPLUS/MP2508150005_BASIC_origin.jpg,https://www.giftpop.vn/category/view/MP2508150005?category_code=A112,45,2026-08-20T17:00:00.000Z,2027-08-20T17:00:00.000Z,2026-08-20T17:00:00.000Z,2027-10-04T17:00:00.000Z,100,APPROVED,193fc3709a301b436349ba2c42edad9f59eca737ad1c98cd4a5e8e6f0f1614e9,2026-08-25T04:40:09.705Z
giftpop.vn,MP2308220032,Thẻ điện thoại Vietnamobile 500K,"Vietnamobile là mạng di động viễn thông dành cho giới trẻ với mong muốn kết nối thế hệ trẻ Việt nam với Thế giới, giúp mọi người “hòa nhịp” tri thức cũng như thư giãn với các dịch vụ đa dạng, Vietnamobile hỗ trợ tối đa với chi phí hợp lí nhất.
*** Cách nạp mã thẻ: Khách hàng nạp mã thẻ theo cấu trúc sau:
Thuê bao trả trước: *100*Mã thẻ#
Thuê bao trả sau:","• Mỗi voucher chỉ được sử dụng 01 lần.
• Không có giá trị quy đổi thành tiền mặt.
• Không áp dụng hoàn, hủy voucher sau khi khách hàng đổi voucher thành công.
• Khách hàng có trách nhiệm bảo mật thông tin mã thẻ quà tặng sau khi đặt mua. Giftpop sẽ không chịu trách nhiệm hoàn trả các mã thẻ bị mất hoặc ở trạng thái ""Đã sử dụng"" với bất kỳ lý do gì.
• Giftpop sẽ không chịu trách nhiệm đối với chất lượng sản phẩm hoặc dịch vụ được cung cấp cũng như đối với các tranh chấp về sau giữa khách hàng và nhà cung cấp.
• Giftpop có quyền sửa chữa hoặc thay đổi điều khoản và điều kiện sử dụng mà không thông báo trước.
• Hotline Giftpop: 1900 55 88 12.",DIGITAL_TELECOM,500000,,VND,https://img.giftpop.vn/brand/VIETNAMOBILE/MP2308220032_BASIC_origin.jpg,https://www.giftpop.vn/category/view/MP2308220032?category_code=A113,30,2026-08-19T17:00:00.000Z,2027-08-19T17:00:00.000Z,2026-08-19T17:00:00.000Z,2027-09-18T17:00:00.000Z,100,APPROVED,58136d7bc9babb9fcded3b4be887ac08d35840ba44b965c7186b0a465ab0b88c,2026-08-25T04:40:09.705Z
giftpop.vn,MP2401310003,Thẻ Game Soha 200K,"Thẻ game là loại thẻ có mã số thẻ và mã seri giống như các loại thẻ cào điện thoại. Loại thẻ này có công dụng giúp người chơi game nạp tiền vào tài khoản game của mình để sở hữu những vật phẩm có trả phí của game.
*** Hướng dẫn sử dụng:
Bước 1: Truy cập website Pay.sohagame.vn
Bước 2: Đăng nhập tài khoản, nhập tên đăng nhập và mật khẩu
Bước 3: Tìm đến mục ""Nạp thẻ"".
Bước 4: Chọn hình thức thanh toán ""Thẻ game"", Chọn ""Thẻ cào Sohagame"".
Bước 5: Nhập thông tin thẻ, Nhập mã số thẻ và số seri.
Bước 6: Xác nhận và hoàn tất nạp thẻ, Nhấn ""Nạp"" và đợi xác nhận.","• Mỗi voucher chỉ được sử dụng 01 lần.
• Không có giá trị quy đổi thành tiền mặt.
• Không áp dụng hoàn, hủy voucher sau khi khách hàng đổi voucher thành công.
• Khách hàng có trách nhiệm bảo mật thông tin mã thẻ quà tặng sau khi đặt mua. Giftpop sẽ không chịu trách nhiệm hoàn trả các mã thẻ bị mất hoặc ở trạng thái ""Đã sử dụng"" với bất kỳ lý do gì.
• Giftpop sẽ không chịu trách nhiệm đối với chất lượng sản phẩm hoặc dịch vụ được cung cấp cũng như đối với các tranh chấp về sau giữa khách hàng và nhà cung cấp.
• Giftpop có quyền sửa chữa hoặc thay đổi điều khoản và điều kiện sử dụng mà không thông báo trước.
• Hotline Giftpop: 1900 55 88 12.",DIGITAL_TELECOM,200000,,VND,https://img.giftpop.vn/brand/SOHACOIN/MP2401310003_BASIC_origin.jpg,https://www.giftpop.vn/category/view/MP2401310003?category_code=A114,7,2026-08-20T17:00:00.000Z,2027-08-20T17:00:00.000Z,2026-08-20T17:00:00.000Z,2027-08-27T17:00:00.000Z,100,APPROVED,2c5518edb9d4c67f52333c7de81490af27a9b7e024609d775866a69ff01b3bbb,2026-08-25T04:40:09.705Z
giftpop.vn,MP2512230010,Suối Tiên - Combo Thử Thách và Công Viên Nước Dành Cho Người Lớn,Combo Thử Thách và Công Viên Nước gồm:
- Vé Cổng
- Xe Lửa
- Đĩa Bay Hành Tinh Lạ
- Người Chinh Phục Bầu Trời
- Vòng Xoay Vũ Trụ
- Khám Phá Vũ Trụ Huyền Bí
- Thuyền Bay/ Thuyền Rồng
- Biển Tiên Đồng Ngọc Nữ,"• Quý Khách vui lòng xuất trình voucher trước khi thanh toán.
- Voucher chỉ áp dụng trước khi vào cổng
- Khách có voucher vui lòng đổi vé tại phòng hướng dẫn du lịch
• Quy định tính vé: - Dưới 1m: Miễn vé (Trừ các trò chơi tại khu Mega Zone).
- Từ 1m đến dưới 1m4: Áp dụng giá vé dành cho trẻ em.
- Từ 1m4 trở lên: Áp dụng giá vé dành cho người lớn.
• Ngày áp dụng: Tất cả các ngày trừ lễ tết (tết dương lịch, tết nguyên đán (từ mùng 1- mùng 10 tết), Giỗ tổ Hùng Vương, 30/4 – 1/5, 01/9, 02/9)
• Giờ áp dụng: 08h00 - 17h00
• Mỗi voucher được sử dụng 01 lần, có thể áp dụng nhiều voucher cho 01 hóa đơn.
• Không có giá trị quy đổi thành tiền mặt, không được hoàn trả tiền thừa.
• Không chấp nhận mã voucher quá hạn sử dụng, trạng thái đã sử dụng.
• Voucher không áp dụng song song với các ưu đãi khác tại Suối Tiên.
• Suối Tiên chịu trách nhiệm xuất hóa đơn tài chính khi khách hàng yêu cầu.
• Nghiêm cấm mọi hình thức mua đi bán lại, kinh doanh trái với qui định của Giftpop và cửa hàng
• Suối Tiên có quyền từ chối áp dụng và thu hồi voucher khi phát hiện voucher đó nằm trong hành vi mua đi bán lại, kinh doanh trái với quy định của Giftpop và cửa hàng
• Nếu giá trị đơn hàng của khách hàng vượt quá giá trị của voucher thì khách hàng phải thanh toán thêm khoản chênh lệch cho Suối Tiên.
• Địa điểm đổi vé: tại phòng hướng dẫn du lịch (phòng đổi vé).
• Các thức đổi vé: Khách hàng vui lòng xuất trình đường link có chứa mã code tại phòng hướng dẫn Suối Tiên để xác thực và đổi vé.
• Địa chỉ: 120 Xa Lộ Hà Nội, Phường Tân Phú, TP Thủ Đức, TP. HCM Thời gian áp dụng: 90 ngày
• Khách hàng có trách nhiệm bảo mật thông tin mã thẻ quà tặng sau khi đặt mua. Giftpop sẽ không chịu trách nhiệm hoàn trả các mã thẻ bị mất hoặc ở trạng thái ""Đã sử dụng"" với bất kỳ lý do gì.
• Giftpop sẽ không chịu trách nhiệm đối với chất lượng của sản phẩm được cung cấp cũng như đối với các tranh chấp về sau giữa khách hàng và nhà cung cấp.
• Giftpop có quyền sửa chữa hoặc thay đổi điều khoản và điều kiện sử dụng mà không thông báo trước.
• Hotline Giftpop: 1900 55 88 12",ENTERTAINMENT,450000,,VND,https://img.giftpop.vn/brand/SUOITIEN/MP2512230010_BASIC_origin.jpg,https://www.giftpop.vn/category/view/MP2512230010?category_code=A116,45,2026-08-21T17:00:00.000Z,2027-08-21T17:00:00.000Z,2026-08-21T17:00:00.000Z,2027-10-05T17:00:00.000Z,100,APPROVED,4efed042e220b59031fb7f1ed175934a81a18120aa9937b62d9f19280cdc4f9b,2026-08-25T04:40:09.705Z
giftpop.vn,MP2605150006,Phiếu quà tặng LOTTE Mart 1.000.000 VNĐ,"""LOTTE Mart là hệ thống siêu thị và đại siêu thị thuộc Tập đoàn Lotte (Hàn Quốc) – một trong những tập đoàn bán lẻ hàng đầu châu Á. Ra mắt tại Việt Nam từ năm 2008, LOTTE Mart nhanh chóng trở thành điểm mua sắm quen thuộc của hàng triệu gia đình nhờ không gian hiện đại, sản phẩm phong phú và dịch vụ chuyên nghiệp.
Với danh mục hàng chục nghìn sản phẩm từ thực phẩm tươi sống, nhu yếu phẩm, hàng gia dụng đến thời trang và mỹ phẩm, LOTTE Mart đáp ứng đa dạng nhu cầu của người tiêu dùng. Bên cạnh đó, thương hiệu còn phát triển các dòng sản phẩm riêng (Private Brand) chất lượng cao, giá cả hợp lý, mang đến nhiều lựa chọn tiết kiệm và an toàn cho khách hàng.
Theo đuổi triết lý “Tiện lợi – Chất lượng – Tận tâm”, LOTTE Mart không chỉ tạo nên trải nghiệm mua sắm hiện đại mà còn hướng đến phát triển bền vững, gắn kết với cộng đồng và nâng cao chất lượng cuộc sống người Việt.""","• Quý khách vui lòng xuất trình voucher cho nhân viên để thanh toán.
• Mỗi voucher chỉ được sử dụng 01 lần, có thể áp dụng được tối đa 20 vouchers trên một hóa đơn.
• Không có giá trị quy đổi thành tiền mặt, không được hoàn trả tiền thừa.
• Voucher đã phát hành, không chấp nhận hủy/ đổi/ trả/ hoàn tiền.
• Không chấp nhận mã voucher quá hạn sử dụng, trạng thái đã sử dụng.
• Nếu giá trị đơn hàng của khách hàng vượt quá giá trị của voucher thì khách hàng phải thanh toán thêm khoản chênh lệch đó.
• LOTTE Mart chịu trách nhiệm xuất hóa đơn giá trị gia tăng (VAT), khi khách hàng có nhu cầu.
• Khách hàng có trách nhiệm bảo mật thông tin mã thẻ quà tặng sau khi đặt mua. Giftpop sẽ không chịu trách nhiệm hoàn trả các mã thẻ bị mất hoặc ở trạng thái ""đã sử dụng"" với bất kỳ lý do gì.
• Giftpop sẽ không chịu trách nhiệm đối với chất lượng của sản phẩm hoặc dịch vụ được cung cấp cũng như đối với các tranh chấp về sau giữa khách hàng và nhà cung cấp.
• Giftpop có quyền sửa chữa hoặc thay đổi điều khoản và điều kiện sử dụng mà không thông báo trước.
• Hotline Giftpop: 1900 55 88 12",SHOPPING_RETAIL,1000000,,VND,https://img.giftpop.vn/brand/LOTTEMART/MP2605150006_BASIC_origin.jpg,https://www.giftpop.vn/category/view/MP2605150006?category_code=A117,30,2026-08-20T17:00:00.000Z,2027-08-20T17:00:00.000Z,2026-08-20T17:00:00.000Z,2027-09-19T17:00:00.000Z,100,APPROVED,d84871f8043569384dd1808f43925fd82e73890ae16c760da0daa6a89f00dcc9,2026-08-25T04:40:09.705Z
giftpop.vn,MP2512020002,"Lotty Friends - Vé Vào Khu Vui Chơi Trẻ Em (Thứ 7, Chủ Nhật và Ngày Lễ)","Lotty Friends - Vé Vào Cổng Khu Vui Chơi Trẻ Em (Thứ 7, Chủ Nhật và Ngày Lễ): Voucher tương đương 1 vé vào cổng, bao gồm 1 trẻ em và 1 người lớn đi kèm.
Lotty Friends là khu vui chơi trong nhà đầu tiên được Lotte World phát triển tại Hà Nội, tọa lạc tại Vincom Times City, mở ra một thế giới trẻ thơ đầy sắc màu với những cuộc phiêu lưu kỳ thú, các hoạt động sáng tạo mang đến niềm vui bất tận!
Các bé sẽ được thỏa sức vui chơi, chinh phục thử thách và khơi dậy cảm hứng sáng tạo, đồng thời nuôi dưỡng ước mơ về một thế giới xanh - nơi con người sống gần gũi với thiên nhiên và cùng nhau bảo vệ môi trường.
Chính sách giá vé đi kèm vui lòng thanh toán thêm tại quầy (nếu sử dụng):
- Em bé (dưới 75cm): 20.000 VND/ bé
- Người lớn thứ 2 trở đi: 20.000 VND/ người
- Lớp vẽ: 80.000 VND/ người
Thời gian hoạt động:
- Ngày thường: 10:00 - 22:00
- Cuối tuần: 9:30 - 22:00","• Quý khách vui lòng xuất trình voucher cho nhân viên trước khi vào cổng khu vui chơi.
• Vé bao gồm phí vào cửa và vui chơi trong thời gian hoạt động của Lotty Friends, không bao gồm các dịch vụ phụ trợ khác.
• Mỗi voucher được sử dụng 01 lần, có thể áp dụng được nhiều voucher cho 01 hóa đơn.
• Không có giá trị quy đổi thành tiền mặt, không được hoàn trả tiền thừa.
• Voucher đã phát hành, không chấp nhận hủy/ đổi/ trả/ hoàn tiền.
• Không chấp nhận mã voucher quá hạn sử dụng, trạng thái đã sử dụng.
• Nếu giá trị đơn hàng của khách hàng vượt quá giá trị của voucher thì khách hàng phải thanh toán thêm khoản chênh lệch đó.
• Lotty Friends chịu trách nhiệm xuất hóa đơn giá trị gia tăng (VAT), khi khách hàng có nhu cầu.
• Khách hàng có trách nhiệm bảo mật thông tin mã thẻ quà tặng sau khi đặt mua. Giftpop sẽ không chịu trách nhiệm hoàn trả các mã thẻ bị mất hoặc ở trạng thái ""đã sử dụng"" với bất kỳ lý do gì.
• Giftpop sẽ không chịu trách nhiệm đối với chất lượng của sản phẩm hoặc dịch vụ được cung cấp cũng như đối với các tranh chấp về sau giữa khách hàng và nhà cung cấp.
• Giftpop có quyền sửa chữa hoặc thay đổi điều khoản và điều kiện sử dụng mà không thông báo trước.
• Hotline Giftpop: 1900 55 88 12",SHOPPING_RETAIL,180000,171000,VND,https://img.giftpop.vn/brand/LOTTYFRIENDS/MP2512020002_BASIC_origin.jpg,https://www.giftpop.vn/category/view/MP2512020002?category_code=A118,7,2026-08-19T17:00:00.000Z,2027-08-19T17:00:00.000Z,2026-08-19T17:00:00.000Z,2027-08-26T17:00:00.000Z,100,APPROVED,b866be27a64b91951cc5c560b71aa54f9bae5eb2c3a387552b4c18f4c10df9f1,2026-08-25T04:40:09.705Z
giftpop.vn,MP2605070001,Phiếu quà tặng K-Market 500k,"Phiếu quà tặng K-Market sẽ là giải pháp hoàn hảo cho doanh nghiệp dùng tặng hoặc thưởng cho nhân viên, cũng sẽ là món quà ý nghĩa và thiết thực cho bạn dành tặng cho bạn bè, người thân mỗi dịp lễ tết, sinh nhật… Phiếu quà tặng tiền mặt áp dụng để mua được tất cả các sản phẩm tại cửa hàng một cách nhanh chóng, sử dụng dễ dàng, lan tỏa yêu thương.
Các sản phẩm tại K-Market hầu hết được nhập khẩu trực tiếp từ Hàn Quốc, đảm bảo vệ sinh, an toàn cho sức khỏe người tiêu dùng, ngoài ra với gần 10.000 mặt hàng tại K-Market làm phong phú cho sự lựa chọn khách hàng.","• Để sử dụng voucher khách hàng vui lòng mua hàng hóa bằng hoặc nhiều hơn giá trị của Voucher.
• Không áp dụng voucher để mua bia Tiger.
• Sản phẩm khách hàng mua có thể bị giới hạn tùy theo tình hình hàng hóa có sẵn tại cửa hàng. Để mua đơn hàng số lượng lớn, khách hàng vui lòng liên hệ Giftpop để được hỗ trợ.
• Mỗi voucher chỉ được sử dụng 01 lần, có thể áp dụng được nhiều voucher trên hóa đơn.
• Voucher không áp dụng hình thức hủy/ đổi/ trả/ hoàn tiền.
• Không đổi được ra tiền mặt một phần hoặc toàn bộ.
• Không hoàn trả hoặc bán lại được, không hoàn/ hủy voucher sau khi sử dụng thành công.
• Không áp dụng với chương trình tích điểm Membership của K Market.
• Không áp dụng với các chương trình giảm giá khác khi thanh toán bằng thẻ.
• Không áp dụng với các chương trình khuyến mãi khác tại cửa hàng.
• Có thể áp dụng cùng với Phiếu Quà Tặng giấy của K Market.
• Giá trị đơn hàng thanh toán phải cao hơn giá trị của Voucher.
• Nếu giá tiền đơn đặt hàng của khách hàng vượt quá giá trị của voucher thì khách hàng phải thanh toán thêm số tiền chênh lệch đó.
• K-Market sẽ xuất hóa đơn VAT khi khách hàng có yêu cầu.
• Khách hàng có trách nhiệm bảo mật thông tin mã thẻ quà tặng sau khi đặt mua. Giftpop sẽ không chịu trách nhiệm hoàn trả các mã thẻ bị mất hoặc ở trạng thái ""đã sử dụng"" với bất kỳ lý do gì.
• Giftpop sẽ không chịu trách nhiệm đối với chất lượng của sản phẩm được cung cấp cũng như đối với các tranh chấp về sau giữa khách hàng và nhà cung cấp.
• Giftpop có quyền sửa chữa hoặc thay đổi điều khoản và điều kiện sử dụng mà không thông báo trước.
• Hạn sử dụng: 90 ngày kể từ ngày mua.
• Hotline Giftpop: 1900 55 88 12",SHOPPING_RETAIL,533500,,VND,https://img.giftpop.vn/brand/KMARKET/MP2605070001_BASIC_origin.jpg,https://www.giftpop.vn/category/view/MP2605070001?category_code=A119,7,2026-08-21T17:00:00.000Z,2027-08-21T17:00:00.000Z,2026-08-21T17:00:00.000Z,2027-08-28T17:00:00.000Z,100,APPROVED,a304da179c6aa589e6914ac4b26ec67e6edffa0403c880c6da8dea454da5ea32,2026-08-25T04:40:09.705Z
giftpop.vn,MP2212080007,Phiếu quà tặng Beloved & Beyond 1000K,"Beloved & Beyond là nền tảng thương mại điện tử đầu tiên chuyên dành cho sản phẩm hoa và quà tặng tại Việt Nam. Kết nối khách hàng với nhà bán quà tặng trên một nền tảng duy nhất, Beloved & Beyond giúp quý khách hàng tìm kiếm và lựa chọn quà tặng phù hợp nhất dành tặng những người thân yêu một cách tiện lợi và nhanh chóng.
Quà tặng đa dạng - Tìm kiếm dễ dàng - Thanh toán an toàn - Giao hàng toàn quốc. Trải nghiệm ngay nhé!
Phiếu quà tặng được áp dụng thanh toán online tại website và App Beloved & Beyond.","• Mỗi voucher chỉ được sử dụng 01 lần, có thể áp dụng được nhiều voucher trên hóa đơn.
• Voucher áp dụng khi khách mua sắm trực tiếp tại website Beloved & Beyond và mobile app Beloved & Beyond.
• Không đổi được ra tiền mặt một phần hoặc toàn bộ.
• Không hoàn trả hoặc bán lại được.
• Nếu giá tiền đơn đặt hàng của khách hàng vượt quá giá trị của voucher thì khách hàng phải thanh toán thêm số tiền chênh lệch đó.
• Beloved & Beyond sẽ xuất hóa đơn khi khách hàng có yêu cầu.
• Voucher áp dụng cho các chương trình khuyến mãi khác.
• Thời gian hoạt động 24/24 và xuyên suốt các mùa lễ, trừ các ngày Tết Nguyên Đán.
• Khách hàng có trách nhiệm bảo mật thông tin mã thẻ quà tặng sau khi đặt mua. Giftpop sẽ không chịu trách nhiệm hoàn trả các mã thẻ bị mất hoặc ở trạng thái ""đã sử dụng"" với bất kỳ lý do gì.
• Giftpop sẽ không chịu trách nhiệm đối với chất lượng của sản phẩm được cung cấp cũng như đối với các tranh chấp về sau giữa khách hàng và nhà cung cấp.
• Giftpop có quyền sửa chữa hoặc thay đổi điều khoản và điều kiện sử dụng mà không thông báo trước.
• Hạn sử dụng: 90 ngày kể từ ngày mua.
• Hotline Giftpop: 1900 55 88 12",LIFESTYLE_SERVICES,1000000,950000,VND,https://img.giftpop.vn/brand/BELOVEDBEYOND/MP2212080007_BASIC_origin.jpg,https://www.giftpop.vn/category/view/MP2212080007?category_code=A120,30,2026-08-21T17:00:00.000Z,2027-08-21T17:00:00.000Z,2026-08-21T17:00:00.000Z,2027-09-20T17:00:00.000Z,100,APPROVED,42bb5190f30fac1aa0ffd11a1f6bd16be263a49a011a141f48db42e19c116507,2026-08-25T04:40:09.705Z
giftpop.vn,MP2509230004,Phiếu quà tặng beFood 100k,"Với tham vọng trở thành nền tảng tiêu dùng số 1 đa dịch vụ phục vụ mọi nhu cầu thiết yếu hàng ngày của 20 triệu người tiêu dùng Việt, Be hiện đang cung cấp nhiều dịch vụ bao gồm vận tải, giao hàng, giao đồ ăn, mua sắm nhu yếu phẩm, bảo hiểm, dịch vụ viễn thông cũng như tiếp tục phát triển và ra mắt các sản phẩm mới. Kể từ khi ra mắt vào năm 2019, Ứng dụng Be đã được tải xuống hơn 20 triệu lần, hiện đang phục vụ hơn 10 triệu giao dịch hàng tháng và ngày càng phát triển. Be hiện đã mở rộng hoạt động đến 28 tỉnh, thành phố và là nền tảng phát triển nhất của Việt Nam trong lĩnh vực vận tải công nghệ. Be Group đã nhanh chóng thiết lập hệ sinh thái số công nghệ của riêng mình bao gồm hàng triệu người dùng, tài xế và đối tác kinh doanh, đồng thời mở rộng quan hệ hợp tác đa dạng với các tập đoàn trong nước, các công ty công nghệ khác và những tổ chức cung cấp những giải pháp về tài chính để đáp ứng nhu cầu thiết yếu hàng ngày của người dùng bao gồm vận chuyển, giao hàng, giao đồ ăn và nhu yếu phẩm.
Hướng dẫn sử dụng E - Voucher:
Trường hợp 1: Áp dụng mã ngay khi sử dụng dịch vụ.
Bước 1: Tại màn hình đặt xe, chọn “Ưu đãi”.
Bước 2: Nhập mã voucher, bấm “Sử dụng”.
Bước 3: Pop up thông báo mã khuyến mại được áp dụng thành công và sẵn sàng để sử dụng.
Bước 4: Chuyến đi được áp mã giảm giá. Bấm “Đặt xe” để tìm Tài xế và di chuyển.
Trường hợp 2: Lưu mã vào app để sử dụng sau.
Bước 1: Tại màn hình chính của app Be, chọn mục “Đổi ưu đãi”.
Bước 2: Chọn “Ưu đãi”.
Bước 3: Chọn đúng dịch vụ của voucher và nhập mã voucher, bấm “Sử dụng”.
Bước 4: Pop up thông báo mã khuyến mại được áp dụng thành công và sẵn sàng để sử dụng.
Hướng dẫn kiểm tra mã ưu đãi:
Bước 1: Tại màn hình chính của app Be, chọn mục “Đổi ưu đãi”.
Bước 2: Chọn “Ưu đãi”.
Bước 3: Chọn đúng dịch vụ của Voucher / Combo Voucher để kiểm tra “Đặt xe”, “Giao hàng”, “Món ăn”.
Bước 4: Lướt tìm các Ưu đãi đã được lưu vào ví.","• Voucher áp dụng cho đơn hàng be Food.
• Khách hàng phải sử dụng (nhập mã) e -Voucher hợp lệ trước khi sử dụng Dịch Vụ thông qua Ứng dụng Be.
• Khách hàng phải thanh toán số tiền thiếu còn lại (nếu có) sau khi đã sử dụng e -Voucher.
Mỗi giao dịch chỉ áp dụng tối đa 01 (một) e -Voucher.
• Áp dụng cho phương thức thanh toán Dịch Vụ: thanh toán bằng tiền mặt, bằng thẻ ngân hàng (giao dịch thanh toán trực tuyến tự động) và các ví điện tử tích hợp trong Ứng dụng Be.
• Hạn sử dụng: 19/9/2026
• Địa bàn sử dụng: áp dụng tại các tỉnh thành mà Be cung cấp dịch vụ.
• Mỗi e -Voucher không có giá trị quy đổi thành tiền mặt hoặc hoàn tiền hoặc trả tiền thừa.
• Các cá nhân sở hữu e-Voucher không được phép chuyển nhượng cho người khác.
• E -Voucher không được hoàn lại khi hủy giao dịch hoặc nếu lỗi phát sinh từ phía người sử dụng/Khách hàng và/hoặc Bên B.
• Không áp dụng đối với giao dịch hoàn/hủy (bao gồm cả hoàn/hủy một phần hoặc toàn bộ).",TRANSPORT,100000,,VND,https://img.giftpop.vn/brand/BE/MP2509230004_BASIC_origin.jpg,https://www.giftpop.vn/category/view/MP2509230004?category_code=A122,30,2026-08-20T17:00:00.000Z,2027-08-20T17:00:00.000Z,2026-08-20T17:00:00.000Z,2027-09-19T17:00:00.000Z,100,APPROVED,f5d6aa8b2bac8ebf53c924098215e526e324b103fdfd7c7e92c884ae6a3c40ff,2026-08-25T04:40:09.705Z
giftpop.vn,MP2311060004,[Giftpop] Phiếu Quà Tặng Chuk Tea & Coffee - Chuk Express 200K,"Chuk Tea & Coffee phát âm như “chút” là cách nói lái mà Gen Z Việt sử dụng như một thói quen với vẻ hóm hỉnh, hài hước. Chuk ra đời trong kỷ nguyên Gen Z, khi mà thế hệ trẻ đang dần khẳng định sức ảnh hưởng mạnh mẽ của mình ở mọi lĩnh vực đời sống, bởi thế mà Chuk tự hào là một trong những thương hiệu thức uống tiên phong mang đậm chất phá cách, hiện đại và quốc tế. Với thiết kế và màu sắc thương hiệu khiến “yêu ngay từ cái nhìn đầu tiên” trong tất cả mọi câu chuyện hình ảnh, Chuk tạo ra không gian đậm chất “lifestyle” nhằm lan toả nguồn cảm hứng sáng tạo và năng lượng tích cực đến tất cả mọi người.
Chuk mang đến các món Trà và Cà phê được biến tấu đặc biệt cùng các nguyên liệu do chính đội ngũ pha chế dày công sáng tạo ra. Chuk tự tin đảm bảo về giá trị cốt lõi hoàn hảo nhất đến với người tiêu dùng, hoà quyện với các hương vị hợp “trend” nhằm mang đến sự bùng nổ vị giác thật đặc biệt.
Là một thành viên của Tập đoàn KIDO, Chuk phát triển đa dạng mô hình kinh doanh trên khắp cả nước, để mọi người có thể dễ dàng gặp gỡ Chuk tại các hệ thống cửa hàng, xe đẩy và Kiosk. Bên cạnh đó, như một người trẻ hiện đại đầy khao khát khám phá thế giới, Chuk sẽ không ngừng vươn xa, mang hình ảnh của mình đến với bạn bè quốc tế.","• Quý Khách vui lòng xuất trình voucher trước khi thanh toán.
• Mỗi voucher được sử dụng 01 lần, có thể áp dụng nhiều voucher cho 01 hóa đơn.
• Voucher có giá trị tương đương tiền mặt.
• Không có giá trị quy đổi thành tiền mặt, không được hoàn trả tiền thừa.
• Không chấp nhận mã voucher quá hạn sử dụng, trạng thái đã sử dụng.
• Voucher được áp dụng song song với các ưu đãi tại cửa hàng. Nhưng không áp dụng chung với ưu đãi của đối tác khác.
• Cửa hàng chịu trách nhiệm xuất hóa đơn tài chính khi khách hàng yêu cầu.
• Nghiêm cấm mọi hình thức mua đi bán lại, kinh doanh trái với qui định của Giftpop và cửa hàng.
• Cửa hàng có quyền từ chối áp dụng và thu hồi voucher khi phát hiện voucher đó nằm trong hành vi mua đi bán lại, kinh doanh trái với quy định của Giftpop và cửa hàng.
• Nếu giá trị đơn hàng của khách hàng vượt quá giá trị của voucher thì khách hàng phải thanh toán thêm khoản chênh lệch cho cửa hàng.
• Khách hàng có nhu cầu xuất hoá đơn vui lòng liên hệ cửa hàng.
• Khách hàng có trách nhiệm bảo mật thông tin mã thẻ quà tặng sau khi đặt mua. Giftpop sẽ không chịu trách nhiệm hoàn trả các mã thẻ bị mất hoặc ở trạng thái ""Đã sử dụng"" với bất kỳ lý do gì.
• Giftpop sẽ không chịu trách nhiệm đối với chất lượng sản phẩm hoặc dịch vụ được cung cấp cũng như đối với các tranh chấp về sau giữa khách hàng và nhà cung cấp.
• Giftpop có quyền sửa chữa hoặc thay đổi điều khoản và điều kiện sử dụng mà không thông báo trước.
• Hotline Giftpop: 1900 55 88 12.",FOOD_DRINK,200000,194000,VND,https://img.giftpop.vn/brand/CHUKTEA/MP2311060004_BASIC_origin.jpg,https://www.giftpop.vn/category/view/MP2311060004?category_code=A101,7,2026-08-19T17:00:00.000Z,2027-08-19T17:00:00.000Z,2026-08-19T17:00:00.000Z,2027-08-26T17:00:00.000Z,100,APPROVED,307dd70e5612532d78099279d2f17e254345d72a4c9a5b97f4fd50efde9b02b0,2026-08-25T04:40:09.705Z
giftpop.vn,MP2605070004,Phiếu quà tặng Ngư Phàn 500K,"Ngư là cá. Phàn là cơm.
Một bữa ăn mang phong vị Trung Hoa, đủ đầy và có thể lặp lại mỗi ngày.
Phiếu Quà Tặng Ngư Phàn là món quà dành cho những ai yêu thích bữa ăn mang cảm hứng Trung Hoa ấm áp và dễ thưởng thức mỗi ngày.
Phiếu có thể sử dụng cho các món canh cá đặc trưng, cơm và các món ăn chia sẻ lấy cảm hứng từ ẩm thực Tứ Xuyên tại Ngư Phàn.
Được thiết kế cho nhiều nhu cầu dùng bữa — từ bữa ăn nhanh một mình đến những buổi gặp gỡ thân mật — người nhận có thể tự lựa chọn hương vị, độ cay và khẩu phần phù hợp.
Một quán ăn Trung Hoa phù hợp cho bữa ăn hàng ngày của bạn.
Everyday Chinese Eatery.","• Mỗi voucher chỉ được sử dụng 01 lần có thể áp dụng được nhiều voucher cho 01 đơn hàng.
• Không có giá trị quy đổi thành tiền mặt, không được hoàn trả tiền thừa.
• Voucher không hoàn trả hoặc bán lại được.
• Nếu giá tiền đơn đặt hàng của khách hàng vượt quá giá trị của voucher thì khách hàng phải thanh toán thêm số tiền chênh lệch đó.
• Voucher không áp dụng cho các thức uống có cồn.
• Voucher không áp dụng với chương trình ưu đãi sinh nhật hạng hội viên, ưu đãi hạng hội viên nhân viên SBO, hạng hội viên cư dân Vinhome, Tặng món.
• Voucher KHÔNG được áp dụng chung với các chương trình khuyến mãi khác, Voucher ưu đãi khác tại cửa hàng.
• Voucher được áp dụng trong các ngày Lễ Tết.
• Cửa hàng sẽ xuất hoá đơn VAT khi khách hàng cho nhu cầu.
• Khách hàng có trách nhiệm bảo mật thông tin mã thẻ quà tặng sau khi đặt mua. Giftpop sẽ không chịu trách nhiệm hoàn trả các mã thẻ bị mất hoặc ở trạng thái ""Đã sử dụng"" với bất kỳ lý do gì.
• Giftpop sẽ không chịu trách nhiệm đối với chất lượng sản phẩm hoặc dịch vụ được cung cấp cũng như đối với các tranh chấp về sau giữa khách hàng và nhà cung cấp.
• Giftpop có quyền sửa chữa hoặc thay đổi điều khoản và điều kiện sử dụng mà không thông báo trước.
• Hotline Giftpop: 1900 55 88 12.",FOOD_DRINK,500000,,VND,https://img.giftpop.vn/brand/NGUPHAN/MP2605070004_BASIC_origin.jpg,https://www.giftpop.vn/category/view/MP2605070004?category_code=A102,7,2026-08-19T17:00:00.000Z,2027-08-19T17:00:00.000Z,2026-08-19T17:00:00.000Z,2027-08-26T17:00:00.000Z,100,APPROVED,a204f7c8010fa155773aa7f00c670103811f31e382ffc104535809bbcd0203e6,2026-08-25T04:40:09.705Z
giftpop.vn,MP2502270005,[Giftpop] Phiếu quà tặng TOUS les JOURS 50K,"Với sự ra đời của cửa hàng đầu tiên tại Việt Nam vào năm 2007, chuỗi cửa hàng TOUS les JOURS khẳng định vị trí dẫn đầu trong phân khúc cao cấp bánh và cà phê của ngành công nghiệp thực phẩm.
Tên gọi “TOUS les JOURS” được bắt nguồn từ 1 cụm từ trong tiếng Pháp có nghĩa là “mỗi ngày”, chúng tôi hiểu rằng những chiếc bánh mới ra lò là những chiếc bánh ngon nhất. TOUS les JOURS đặc biệt chọn lọc những nguyên liệu tốt cho sức khỏe cũng như chú trọng sự tươi mới của từng sản phẩm khi đến tay khách hàng. TOUS les JOURS luôn ưu tiên là chất lượng sản phẩm đi kèm với dịch vụ, lấy khách hàng là trọng tâm, cam kết phát triển lâu dài và nâng cao chất lượng phục vụ người tiêu dùng Việt Nam. Với sự phát triển tại Việt Nam hiện nay hệ thống của TOUS les JOURS đã có mặt tại khắp các tỉnh thành.
Phiếu quà tặng TOUS les JOURS có giá trị tương đương tiền mặt, được dùng để thanh toán hóa đơn mua hàng tại cửa hàng. Phiếu quà tặng với nhiều mệnh giá sẽ là giải pháp hoàn hảo cho doanh nghiệp dùng tặng thưởng cho nhân viên, cũng sẽ là món quà ý nghĩa và thiết thực cho bạn dành tặng người thân, bạn bè nhân dịp lễ tết, sinh nhật...","• Mỗi voucher được sử dụng 01 lần, áp dụng nhiều voucher/ hóa đơn.
• Voucher chỉ áp dụng cho đơn hàng có giá trị bằng hoặc lớn hơn giá trị voucher. Không áp dụng cho đơn hàng có giá trị thấp hơn giá trị voucher.
• Không áp dụng cho giao dịch giao hàng tận nơi hoặc đặt hàng qua bên thứ ba.
• Voucher chỉ áp dụng cho mua sản phẩm với giá gốc, không kèm theo chương trình khuyến mãi nào khác tại cửa hàng và chương trình thẻ thành viên CJ Member.
• Không áp dụng voucher khi mua thẻ quà tặng của TOUS les JOURS (Gift Card).
• Không đổi được ra tiền mặt một phần hoặc toàn bộ, không hoàn trả hoặc bán lại được.
• Không chấp nhận mã voucher quá hạn sử dụng, trạng thái đã sử dụng.
• Nếu giá trị đơn hàng của khách hàng vượt quá giá trị của voucher thì khách hàng phải thanh toán thêm khoản chênh lệch đó.
• Khách hàng có trách nhiệm bảo mật thông tin mã thẻ quà tặng sau khi đặt mua. Giftpop sẽ không chịu trách nhiệm hoàn trả các mã thẻ bị mất hoặc ở trạng thái ""Đã sử dụng"" với bất kỳ lý do gì.
• Giftpop sẽ không chịu trách nhiệm đối với chất lượng sản phẩm hoặc dịch vụ được cung cấp cũng như đối với các tranh chấp về sau giữa khách hàng và nhà cung cấp.
• Giftpop có quyền sửa chữa hoặc thay đổi điều khoản và điều kiện sử dụng mà không thông báo trước.
• Hotline Giftpop: 1900 55 88 12",FOOD_DRINK,50000,48500,VND,https://img.giftpop.vn/brand/TOUSLESJOURS/MP2502270005_BASIC_origin.jpg,https://www.giftpop.vn/category/view/MP2502270005?category_code=A103,30,2026-08-21T17:00:00.000Z,2027-08-21T17:00:00.000Z,2026-08-21T17:00:00.000Z,2027-09-20T17:00:00.000Z,100,APPROVED,f6e93b8537c6951675901b8e7e5bbfe93a27cf7b96683ef9940dc9ed43f9c76f,2026-08-25T04:40:09.705Z
giftpop.vn,MP2606300003,[Ver4] D'Maris Voucher Vé Buffet Cuối Tuần/Lễ Tết Buổi Tối,"- D’Maris là một chuỗi hệ thống các nhà hàng theo phong cách buffet bắt nguồn từ Hàn Quốc. Từ sự kết hợp chữ “D” trong “Delicious” và “Maris” mang nghĩa “gió biển” trong tiếng Latinh, tên gọi D’Maris ẩn chứa ý nghĩa “Hương vị gió biển”. D’Maris có mặt tại Việt Nam và đã trở thành một địa điểm thưởng thức ẩm thực thú vị dành cho mọi người.
- D’Maris đã trở thành một địa chỉ thưởng thức ẩm thực tuyệt vời, với không gian rộng lớn hơn 3.000m2, đội ngũ nhân viên chuyên nghiệp và chất lượng dịch vụ đạt chuẩn 5 sao.
- Đến với D’Maris, thực khách sẽ được trải nghiệm hành trình ẩm thực phong phú qua nhiều quốc gia trên thế giới như Hàn Quốc, Nhật Bản, châu Âu và không thể thiếu Việt Nam với thực đơn hơn 250 món ăn được ví như “tinh hoa ẩm thực” của từng quốc gia.
- Để làm nên chất lượng tuyệt hảo cho từng món ăn, D’Maris luôn chú trọng vào khâu lựa chọn những loại nguyên liệu tươi ngon, được nhập khẩu từ hệ thống các nhà cung cấp uy tín. Nguyên liệu được kiểm tra đầu ngày qua quy trình gắt gao, ưu tiên sử dụng nguyên liệu xanh và sạch, đúng mùa và chỉ sử dụng trong ngày để đảm bảo hương vị tươi ngon nhất.
- Đội ngũ đầu bếp tại D’Maris có nhiều kinh nghiệm, đến từ Hàn Quốc và Việt Nam, đã lấy danh dự và tấm lòng thành của bản thân mình đặt trọn vào các món ăn. Đặc biệt tất cả món ăn đều được nấu trực tiếp tại quầy (ngoại trừ kim chi, các thực phẩm muối chua, bánh quy).","• Voucher chỉ áp dụng tại khu vực Thành phố Hồ Chí Minh.
• Khách hàng vui lòng đưa voucher cho nhân viên khi thanh toán.
• Thời gian áp dụng Vé Buffet Cuối tuần/Lễ Tết Buổi tối: 17:00 - 22:00, tất cả các ngày thứ 7, chủ nhật và lễ tết.
• Voucher không bao gồm bia, rượu và các loại đồ uống trong menu tính phí
• Chính sách cho trẻ em:
* Thứ 2 - Thứ 6:
- Trẻ em dưới 48 tháng tuổi miễn phí giá vé.
- Trẻ em từ 4~6 tuổi : 278.640 vnd/1 bé (thanh toán tại nhà hàng).
- Trẻ em từ 7~12 tuổi : 408.240 vnd/1 bé (thanh toán tại nhà hàng).
- Trên 12 tuổi: tính như người lớn.
• Không áp dụng mang về. Voucher đã bao gồm VAT và phí phục vụ. Nhà hàng chịu trách nhiệm xuất hóa đơn khi khách hàng yêu cầu. Hóa đơn chỉ xuất cho khách hàng tới sử dụng vé thực tế tại nhà hàng.
• Khách hàng vui lòng đặt chỗ trước khi đến 1 ngày để được phục vụ tốt nhất qua hotline của các chi nhánh như sau:
- Chi nhánh Phú Mỹ Hưng: 1900 0036 - (028) 3776 0600.
- Chi nhánh Cộng Hòa: 1900 0010 - (028) 3811 2222
- Chi nhánh An Phú: 1900 0029 - (028) 3740 8313
• Nhà hàng không bảo đảm chỗ ngồi cho khách nếu không đặt chỗ.
• Voucher không áp dụng đồng thời với các chương trình khuyến mãi khác.
• Voucher không có giá trị quy đổi thành tiền mặt, không trả lại tiền thừa.
• Khách hàng có trách nhiệm bảo mật thông tin mã thẻ quà tặng sau khi đặt mua. Giftpop sẽ không chịu trách nhiệm hoàn trả các mã thẻ bị mất hoặc ở trạng thái ""Đã sử dụng"" với bất kỳ lý do gì.
• Giftpop sẽ không chịu trách nhiệm đối với chất lượng của sản phẩm hoặc dịch vụ được cung cấp cũng như đối với các tranh chấp về sau giữa khách hàng và nhà cung cấp.
• Giftpop có quyền sửa chữa hoặc thay đổi điều khoản và điều kiện sử dụng mà không thông báo trước.",FOOD_DRINK,689040,,VND,https://img.giftpop.vn/brand/DMARIS/MP2606300003_BASIC_origin.jpg,https://www.giftpop.vn/category/view/MP2606300003?category_code=A104,7,2026-08-20T17:00:00.000Z,2027-08-20T17:00:00.000Z,2026-08-20T17:00:00.000Z,2027-08-27T17:00:00.000Z,100,APPROVED,8e991f3708b6b98878bb76d0390a43b8dce87594519f075f1403fb3dc83d61a3,2026-08-25T04:40:09.705Z
giftpop.vn,MP2303150002,Phiếu quà tặng Golden Gate 300k,"* Thương hiệu áp dụng voucher Golden Gate
Ashima, K-Pub, 37th Street, Hutong, Shogun, Gogi House, Kichi-Kichi, Isushi, Sumo Yakiniku, Cowboy Jack's, Daruma, Yutang, ManWah, Crystal Jade Kitchen, Ktop, Vuvuzela, 500 Pizzeria, Citi Station, Union District Pizza & Grill, Mak Mak, 7Fuku Izakaya, 99 Cents Fresh Pizza, Chixmax, Cloud Pot, Flychef, Hàng Cuốn, Icook, K Pub +, Man Tang Guo, Phở Inn, Sừng Quăn, The Coffee Inn, Universal Tea, Quán Nướng Bò Vui, Mala Gang, Blue Bay, SushiX, Lách Ca Lách Cách, WOW Yakiniku.
Đến với Golden Gate, tùy theo sở thích và khẩu vị của mỗi người mà bạn có thể chọn cho mình thực đơn món ăn phù hợp, tất cả menu đều được chuẩn bị công phu, kỹ lưỡng và nghệ thuật từ các đầu bếp nổi tiếng, lành nghề. Cùng với đó là chuỗi cung ứng nguyên liệu đầu vào tươi ngon, đảm bảo an toàn, tiết kiệm đáng kể chi phí. Đặc biệt, đến với Golden Gate với 18 thương hiệu cùng với hơn 300 nhà hàng, có các món nói là nhớ như buffet lẩu đặc trưng, buffet băng chuyền hiện đại hay buffet nướng đậm đà. Tất cả đều mang một dấu ấn riêng biệt từ hương vị, không gian thiết kế cho đến phong cách phục vụ của các nhân viên tạo cái nhìn thiện cảm từ thực khách, níu chân họ quay lại ghé thăm.
Phiếu quà tặng tiền mặt Golden Gate mệnh giá từ 100k đến 1000k sẽ là giải pháp hoàn hảo cho doanh nghiệp dùng tặng hoặc thưởng cho nhân viên, cũng sẽ là món quà ý nghĩa và thiết thực cho bạn dành tặng cho bạn bè nhân mỗi dịp lễ tết, sinh nhật...
Phiếu quà tặng tiền mặt áp dụng để mua được tất cả các sản phẩm tại nhà hàng một cách nhanh chóng, sử dụng dễ dàng, lan tỏa yêu thương.","• Voucher có giá trị tại toàn bộ hệ thống nhà hàng của Golden Gate và website: https://gdelivery.vn/
• Nhà hàng chỉ chấp nhận thanh toán e-Voucher có QR/Barcode, không chấp nhận bản sao của mã e-Voucher dưới mọi hình thức (bản in photo, hình ảnh, scan, mã số...).
• Mỗi voucher được sử dụng 01 lần, có thể áp dụng nhiều voucher cho 01 hóa đơn.
• Không có giá trị quy đổi thành tiền mặt, không được hoàn trả tiền thừa.
• Không chấp nhận mã voucher quá hạn sử dụng, trạng thái đã sử dụng.
• Voucher được áp dụng song song với các ưu đãi tại nhà hàng.
• Voucher không áp dụng tích điểm, tích G-coin trên TGS và các ưu đãi khác của G-people.
• Nghiêm cấm mọi hình thức mua đi bán lại, kinh doanh trái với qui định của GiftPop và Golden Gate.
• Golden Gate có quyền từ chối áp dụng và thu hồi voucher khi phát hiện voucher đó nằm trong hành vi mua đi bán lại, kinh doanh trái với quy định của Giftpop và Golden Gate.
• Nếu giá trị đơn hàng của khách hàng vượt quá giá trị của voucher thì khách hàng phải thanh toán thêm khoản chênh lệch đó.
• Voucher có giá trị tương đương tiền mặt.
• Golden Gate chịu trách nhiệm xuất hóa đơn VAT cho khách hàng sử dụng tại nhà hàng.
• Chỉ xuất hóa đơn VAT cho khách hàng trực tiếp dùng bữa tại nhà hàng.
• Khách hàng có trách nhiệm bảo mật thông tin mã thẻ quà tặng sau khi đặt mua. Giftpop sẽ không chịu trách nhiệm hoàn trả các mã thẻ bị mất hoặc ở trạng thái ""Đã sử dụng"" với bất kỳ lý do gì.
• Giftpop sẽ không chịu trách nhiệm đối với chất lượng sản phẩm hoặc dịch vụ được cung cấp cũng như đối với các tranh chấp về sau giữa khách hàng và nhà cung cấp.
• Giftpop có quyền sửa chữa hoặc thay đổi điều khoản và điều kiện sử dụng mà không thông báo trước.
• Hotline Giftpop: 1900 55 88 12.",FOOD_DRINK,300000,,VND,https://img.giftpop.vn/brand/GOLDENGATE/MP2303150002_BASIC_origin.jpg,https://www.giftpop.vn/category/view/MP2303150002?category_code=A105,7,2026-08-19T17:00:00.000Z,2027-08-19T17:00:00.000Z,2026-08-19T17:00:00.000Z,2027-08-26T17:00:00.000Z,100,APPROVED,b0a1fe20f8ebd24e9147a4a47f33469de105c8490e9f2eada785826370a60cc0,2026-08-25T04:40:09.705Z
giftpop.vn,1PEMP2425141801,Combo Spaghetti,"Nếu bạn đang băn khoăn tìm kiếm một quán ăn giá cả ""hạt dẻ"", không gian thoáng mát, tiện nghi, đồ ăn ngon, phong phú lựa chọn, sạch sẽ, dù bạn đi ăn một mình, với bạn bè, người thân, hay không gian tổ chức một bữa tiệc nhỏ nhỏ xinh xinh... Lotteria là lựa chọn tuyệt vời nhất.
Voucher bạn có:
- 1 Mỳ Ý thịt bằm S
- 1 Pepsi M","• Mỗi voucher chỉ được sử dụng 01 lần.
• Được sử dụng tối đa 5 voucher/ ngày/ hóa đơn.
• Không áp dụng đổi hàng cho đơn hàng số lượng lớn (theo quy định của Lotteria).
• Voucher chỉ áp dụng cho sản phẩm được chỉ định.
• Không đổi được ra tiền mặt một phần hoặc toàn bộ.
• Không hoàn trả hoặc bán lại được.
• Nếu giá tiền đơn đặt hàng của khách hàng vượt quá giá trị của voucher thì khách hàng phải thanh toán thêm số tiền chênh lệch đó.
• Voucher không áp dụng cho các chương trình khuyến mãi khác.
• Khách hàng có trách nhiệm bảo mật thông tin mã thẻ quà tặng sau khi đặt mua. Giftpop sẽ không chịu trách nhiệm hoàn trả các mã thẻ bị mất hoặc ở trạng thái ""đã sử dụng"" với bất kỳ lý do gì.
• Giftpop sẽ không chịu trách nhiệm đối với chất lượng của sản phẩm được cung cấp cũng như đối với các tranh chấp về sau giữa khách hàng và nhà cung cấp.
• Giftpop có quyền sửa chữa hoặc thay đổi điều khoản và điều kiện sử dụng mà không thông báo trước.
• Hotline Giftpop: 1900 55 88 12",FOOD_DRINK,46000,41000,VND,https://img.giftpop.vn/brand/LOTTERIA/1PEMP2425141801_BASIC_origin.jpg,https://www.giftpop.vn/category/view/1PEMP2425141801?category_code=A106,45,2026-08-19T17:00:00.000Z,2027-08-19T17:00:00.000Z,2026-08-19T17:00:00.000Z,2027-10-03T17:00:00.000Z,100,APPROVED,5242624ff6c8ee833c24e5aea60970e4154b1ce5d5c7b447afc3dc9ecbdd0ac5,2026-08-25T04:40:09.705Z
giftpop.vn,MP2205300003,Phiếu quà tặng Pizza 4P's 300k,"4P's có nghĩa ""For Peace"" - cho Hòa Bình tràn ngập trên toàn thế giới.
Tham vọng ở Pizza 4P's không chỉ đơn giản là ""Một nhà hàng Pizza tuyệt vời"" mà chúng tôi có một tầm nhìn lớn hơn thế nữa - Làm cho thế giới mỉm cười vì Hòa bình.
Phục vụ những món ăn ngon cho thực khách thưởng thức là một nghĩa vụ thiêng liêng của nhà hàng. Thêm vào đó, chúng tôi luôn cố gắng không chỉ là một nhà hàng đơn thuần mà điều chúng tôi mong muốn khi mỗi vị khách khi bước vào nhà hàng 4P’s đều cảm thấy phấn khích hơn, hạnh phúc trọn vẹn hơn. Mọi điều chúng tôi làm là luôn luôn hướng đến ""Mang lại WOW, Chia sẻ hạnh phúc"" cho tất cả mọi người.
Phiếu quà tặng Pizza 4P's có giá trị tương đương tiền mặt, được dùng để thanh toán hóa đơn mua hàng tại cửa hàng hoặc dịch vụ giao hàng tại Pizza 4P's. Phiếu quà tặng với nhiều mệnh giá sẽ là giải pháp hoàn hảo cho doanh nghiệp dùng tặng thưởng cho nhân viên, cũng sẽ là món quà ý nghĩa và thiết thực cho bạn dành tặng người thân, bạn bè nhân dịp lễ tết, sinh nhật...
Hướng dẫn sử dụng voucher trên website Pizza 4P's:
- Phiên bản máy tính Pizza 4P's
- Phiên bản điện thoại Pizza 4P's
1. Trên máy tính:
- Chọn sản phẩm cần mua cho vào Giỏ hàng
- Vào giỏ hàng, nhập mã voucher vào phần E-voucher. Bấm Use
- Nhập thông tin giao hàng
- Thanh toán phần tiền còn lại của Đơn hàng
2. Trên điện thoại:
- Chọn sản phẩm cần mua cho vào Giỏ hàng
- Vào giỏ hàng, nhập mã voucher vào phần Use your voucher. Bấm Use
- Nhập thông tin giao hàng
- Thanh toán phần tiền còn lại của Đơn hàng","• Voucher có thể áp dụng khi dùng bữa tại nhà hàng hoặc đặt hàng mang về trên website Pizza 4P’s.
• Voucher được áp dụng lễ Tết, nhà hàng phụ thu 15% phí dịch vụ.
• Với những trường khách hàng mua voucher ngoài các nền tảng không chính thống. Giftpop và Pizza 4PS sẽ không hỗ trợ. Mong quý khách thông cảm.
• Mỗi voucher được sử dụng 01 lần, có thể áp dụng nhiều voucher cho 01 hóa đơn.
• Voucher không có giá trị quy đổi thành tiền mặt, không được hoàn trả tiền thừa.
• Voucher quá hạn sử dụng hoặc ở trạng thái “đã sử dụng” sẽ không được chấp nhận thanh toán.
• Nếu giá trị đơn hàng vượt quá giá trị của voucher thì Quý khách sẽ thanh toán thêm cho khoản chênh lệch.
• Pizza 4P’s chịu trách nhiệm xuất hóa đơn tài chính khi Quý khách yêu cầu.
• Quý khách có trách nhiệm bảo mật thông tin mã thẻ quà tặng sau khi đặt mua. Giftpop và Pizza 4P’s sẽ không chịu trách nhiệm hoàn trả các mã thẻ bị mất hoặc ở trạng thái ""đã sử dụng"" với bất kỳ lý do gì.
• Giftpop sẽ không chịu trách nhiệm đối với chất lượng sản phẩm hoặc dịch vụ được cung cấp cũng như đối với các tranh chấp về sau giữa khách hàng và nhà cung cấp.
• Giftpop có quyền sửa chữa hoặc thay đổi điều khoản và điều kiện sử dụng mà không thông báo trước.
• Hotline Giftpop: 1900 55 88 12.",FOOD_DRINK,300000,291000,VND,https://img.giftpop.vn/brand/PIZZA4PS/MP2205300003_BASIC_origin.jpg,https://www.giftpop.vn/category/view/MP2205300003?category_code=A107,45,2026-08-20T17:00:00.000Z,2027-08-20T17:00:00.000Z,2026-08-20T17:00:00.000Z,2027-10-04T17:00:00.000Z,100,APPROVED,ee71e82117e9c6dc2d675dd27e695a46c06f79eb7cb2b5e23e7ebd8097b9f77c,2026-08-25T04:40:09.705Z
giftpop.vn,MP2107290005,Phiếu quà tặng Marc Fashion 500K,"Phiếu quà tặng MARC có giá trị tương đương tiền mặt từ 30.000 VNĐ - 1.000.000 VNĐ được dùng để thanh toán cho hóa đơn tại MARC.
Phiếu quà tặng MARC sẽ là giải pháp hoàn hảo cho doanh nghiệp dùng tặng hoặc thưởng cho nhân viên, cũng sẽ là món quà ý nghĩa và thiết thực cho bạn dành tặng cho bạn bè nhân mỗi dịp lễ tết, sinh nhật...
Các mẫu thiết kế của MARC luôn mang đậm phong cách phóng khoáng và tự do. Sự kết hợp hài hoà giữa hai dòng thời trang basic và trendy khiến các thiết kế vừa mang tính tiện dụng, phù hợp với nhiều bối cảnh hằng ngày mà vẫn bắt kịp xu hướng mốt của năm, hy vọng sẽ đáp ứng được sự yêu mến và tin cậy của quý khách hàng về dòng sản phẩm thời trang chất lượng cao.","• Khách hàng được áp dụng nhiều voucher/1 hóa đơn và được quyền tách hóa đơn (theo SP) để áp dụng nhiều voucher, nhưng không được quyền chuyển 1 phần hoặc toàn bộ voucher thành tiền mặt.
• Áp dụng cho tất cả các sản phẩm (bao gồm hàng giảm giá).
• Áp dụng cùng với các chương trình khuyến mãi khác.
• Áp dụng tích điểm cho chương trình khách hàng thân thiết.
• Áp dụng chung chương trình giảm giá thẻ thành viên, voucher thăng hạng, voucher sinh nhật, coupon giảm giá.
• Không áp dụng đổi trả hàng tại của hàng.
• Khách hàng vui lòng liên hệ Marc khi có nhu cầu xuất hoá đơn tài chính.
• Thời gian hoạt động: Từ 9h00 - 21h30.
• Không có giá trị quy đổi thành tiền mặt, không được hoàn trả tiền thừa.
• Voucher không hoàn trả hoặc bán lại được.
• Nếu giá trị đơn hàng của khách hàng vượt quá giá trị của voucher thì khách hàng phải thanh toán thêm khoản chênh lệch bằng tiền mặt, thẻ ATM, mastercard, thẻ visa...
• Khách hàng có trách nhiệm bảo mật thông tin mã thẻ quà tặng sau khi đặt mua. Giftpop sẽ không chịu trách nhiệm hoàn trả các mã thẻ bị mất hoặc ở trạng thái """"Đã sử dụng"""" với bất kỳ lý do gì.
• Giftpop sẽ không chịu trách nhiệm đối với chất lượng sản phẩm hoặc dịch vụ được cung cấp cũng như đối với các tranh chấp về sau giữa khách hàng và nhà cung cấp.
• Giftpop có quyền sửa chữa hoặc thay đổi điều khoản và điều kiện sử dụng mà không thông báo trước.
• Hạn sử dụng: 90 ngày kể từ ngày mua/gửi quà thành công từ Giftpop.vn.
• Hotline Giftpop: 1900 55 88 12.",SHOPPING_RETAIL,500000,480000,VND,https://img.giftpop.vn/brand/MARCFASHION/MP2107290005_BASIC_origin.jpg,https://www.giftpop.vn/category/view/MP2107290005?category_code=A108,30,2026-08-21T17:00:00.000Z,2027-08-21T17:00:00.000Z,2026-08-21T17:00:00.000Z,2027-09-20T17:00:00.000Z,100,APPROVED,262c2ccb666cc2532717a8967058e060272f63c0b4bd85d4651c1cddbfe088d7,2026-08-25T04:40:09.705Z
giftpop.vn,MP2504290007,Gội Đầu Thư Giãn Thượng Hạng 90 Phút,"Gói Gội Đầu Thư Giãn thời gian 90 phút gồm các bước:
- Gội đầu thảo dược 2 lần
- Massage đầu cơ bản
- Vệ sinh da mặt
- Ủ tóc phục hồi
- Chườm ấm mắt và tai
- Sấy khô tóc
- Tinh chất dưỡng tóc
- Khai huyệt, nhấn huyệt mặt
- Massage cổ vai gáy, tay, đầu
- Massage đầu bằng thảo dược
- Xối nước thảo dược
- Chườm ấm mắt, bàn chân, đầu gối
- Chườm ấm bụng và vai
- Bóp chân
- Tẩy tế bào chết da đầu
- Massage nhấn huyệt mặt và mắt
- Ủ khăn nóng, kéo giãn cột sống cổ
- Đắp mặt nạ
- Cạo gió mặt, chườm nóng bụng
- Massage đá nóng cổ vai gáy, tay, chân
- Cạo gió bằng nước thảo dược và cao gừng
Tiệm gội Ả là nơi bạn tìm thấy sự thư giãn và chăm sóc trọn vẹn với gội đầu dưỡng sinh, massage trị liệu và chăm sóc tóc bằng thảo dược thiên nhiên. Mỗi liệu trình là một trải nghiệm giúp bạn xua tan mệt mỏi, phục hồi sức sống từ trong ra ngoài.
Ghé ngay Tiệm gội Ả để tận hưởng dịch vụ tốt nhất với sự tận tâm trong từng chi tiết!","• Mỗi voucher chỉ được sử dụng 01 lần có thể áp dụng được nhiều voucher cho 01 đơn hàng.
• Không có giá trị quy đổi thành tiền mặt, không được hoàn trả tiền thừa.
• Không hoàn trả hoặc bán lại được.
• Áp dụng cho sản phẩm được chỉ định.
• Nếu giá tiền đơn đặt hàng của khách hàng vượt quá giá trị của voucher thì khách hàng phải thanh toán thêm số tiền chênh lệch đó.
• Khách hàng có trách nhiệm bảo mật thông tin mã thẻ quà tặng sau khi đặt mua. Giftpop sẽ không chịu trách nhiệm hoàn trả các mã thẻ bị mất hoặc ở trạng thái ""Đã sử dụng"" với bất kỳ lý do gì.
• Giftpop sẽ không chịu trách nhiệm đối với chất lượng sản phẩm hoặc dịch vụ được cung cấp cũng như đối với các tranh chấp về sau giữa khách hàng và nhà cung cấp.
• Giftpop có quyền sửa chữa hoặc thay đổi điều khoản và điều kiện sử dụng mà không thông báo trước.
• Hotline Giftpop: 1900 55 88 12.",BEAUTY_HEALTH,329000,305970,VND,https://img.giftpop.vn/brand/TIEMGOIA/MP2504290007_BASIC_origin.jpg,https://www.giftpop.vn/category/view/MP2504290007?category_code=A110,7,2026-08-20T17:00:00.000Z,2027-08-20T17:00:00.000Z,2026-08-20T17:00:00.000Z,2027-08-27T17:00:00.000Z,100,APPROVED,235f8c09861b3a80661c19196d2dd80c55f1dd93fdf1ef258621ccfe839f0dcd,2026-08-25T04:40:09.705Z
giftpop.vn,MP2201170002,Phiếu quà tặng PNJ 2000k,"PNJ tự hào luôn song hành trong từng đổi thay thế hệ phụ nữ Việt, mang đến những chế tác hoàn mỹ, tôn vinh và yêu chiều vẻ đẹp đích thực trong suốt những năm qua.
Mang nét đẹp đích thực ẩn chứa sau những câu chuyện rất riêng, mỗi dòng trang sức từ PNJ là lời ước hẹn yêu thương gửi đến phái đẹp. Một món nữ trang thẩm mỹ và đầy ý nghĩa giúp bạn chạm vào trái tim nàng bằng xúc cảm, cho chuyện tình đầy lãng mạn!","• Không áp dụng với các sản phẩm vàng 24K, vàng miếng, vàng nhẫn, khoen và kim cương vỉ.
• Đối với mua, bán vàng tại hệ thống của PNJ:
- ÁP DỤNG đối với giao dịch: Mua, bán vàng có giá trị dưới 20 triệu đồng trong 1 ngày của 1 khách hàng.
- KHÔNG ÁP DỤNG đối với giao dịch: Mua, bán vàng có giá trị từ 20 triệu trở lên trong 1 ngày của 1 khách hàng.
• Đối với mua, bán sản phẩm khác (không phải vàng) tại hệ thống của PNJ: Phiếu quà tặng áp dụng không giới hạn giá trị.
• Mỗi voucher được sử dụng 01 lần, chỉ áp dụng tối đa 20 voucher/01 hóa đơn.
• Không có giá trị quy đổi thành tiền mặt, không được hoàn trả tiền thừa.
• Không chấp nhận mã voucher quá hạn sử dụng, trạng thái đã sử dụng.
• Voucher đã sử dụng không áp dụng hoàn/ huỷ dưới mọi hình thức.
• Voucher được áp dụng chung với các chương trình khuyến mãi khác.
• Nếu giá trị đơn hàng của khách hàng vượt quá giá trị của voucher thì khách hàng phải thanh toán thêm khoản chênh lệch đó.
• Khách hàng có trách nhiệm bảo mật thông tin mã thẻ quà tặng sau khi đặt mua. Giftpop sẽ không chịu trách nhiệm hoàn trả các mã thẻ bị mất hoặc ở trạng thái ""đã sử dụng"" với bất kỳ lý do gì.
• Giftpop sẽ không chịu trách nhiệm đối với chất lượng sản phẩm hoặc dịch vụ được cung cấp cũng như đối với các tranh chấp về sau giữa khách hàng và nhà cung cấp.
• Giftpop có quyền sửa chữa hoặc thay đổi điều khoản và điều kiện sử dụng mà không thông báo trước.
• Hotline Giftpop: 1900 55 88 12.",SHOPPING_RETAIL,2000000,,VND,https://img.giftpop.vn/brand/PNJ/MP2201170002_BASIC_origin.jpg,https://www.giftpop.vn/category/view/MP2201170002?category_code=A111,7,2026-08-21T17:00:00.000Z,2027-08-21T17:00:00.000Z,2026-08-21T17:00:00.000Z,2027-08-28T17:00:00.000Z,100,APPROVED,1d09d85c047df1f9f77ffb3df575b6ff50e94ee1ec999831164b9f28b115eb9a,2026-08-25T04:40:09.705Z
giftpop.vn,MP2508150004,H Plus Gói Tầm Soát Ung Thư Đường Tiêu Hóa Dưới,Các dịch vụ trong gói khám bao gồm:
1. Khám lâm sàng
2. Nội soi đường tiêu hóa dưới
3. Test HP qua phân
4. Xét nghiệm CEA (dấu ấn ung thư đại trực tràng)
5. Đọc kết quả tư vấn với bác sĩ chuyên khoa,"• Mỗi phiếu quà tặng chỉ được sử dụng một lần, có thể áp dụng nhiều phiếu quà tặng trên một hóa đơn.
• Phiếu quà tặng không được hủy/đổi/trả/hoàn tiền.
• Phiếu quà tặng không được quy đổi thành tiền mặt.
• Hplus sẽ xuất hóa đơn VAT theo yêu cầu của khách hàng.
• Khách hàng có trách nhiệm bảo mật thông tin mã thẻ quà tặng sau khi đặt mua. Giftpop sẽ không chịu trách nhiệm hoàn trả các mã thẻ bị mất hoặc ở trạng thái ""Đã sử dụng"" với bất kỳ lý do gì.
• Giftpop sẽ không chịu trách nhiệm đối với chất lượng sản phẩm hoặc dịch vụ được cung cấp cũng như đối với các tranh chấp về sau giữa khách hàng và nhà cung cấp.
• Giftpop có quyền sửa chữa hoặc thay đổi điều khoản và điều kiện sử dụng mà không thông báo trước.
• Hotline Giftpop: 1900 55 88 12.",BEAUTY_HEALTH,7700000,6930000,VND,https://img.giftpop.vn/brand/HPLUS/MP2508150004_BASIC_origin.jpg,https://www.giftpop.vn/category/view/MP2508150004?category_code=A112,7,2026-08-19T17:00:00.000Z,2027-08-19T17:00:00.000Z,2026-08-19T17:00:00.000Z,2027-08-26T17:00:00.000Z,100,APPROVED,c9b2d62701ef4d341e28ff47441a74a3518b0155011e2e0c05faa4429d129897,2026-08-25T04:40:09.705Z
giftpop.vn,MP2308220031,Thẻ điện thoại Vietnamobile 300K,"Vietnamobile là mạng di động viễn thông dành cho giới trẻ với mong muốn kết nối thế hệ trẻ Việt nam với Thế giới, giúp mọi người “hòa nhịp” tri thức cũng như thư giãn với các dịch vụ đa dạng, Vietnamobile hỗ trợ tối đa với chi phí hợp lí nhất.
*** Cách nạp mã thẻ: Khách hàng nạp mã thẻ theo cấu trúc sau:
Thuê bao trả trước: *100*Mã thẻ#
Thuê bao trả sau:","• Mỗi voucher chỉ được sử dụng 01 lần.
• Không có giá trị quy đổi thành tiền mặt.
• Không áp dụng hoàn, hủy voucher sau khi khách hàng đổi voucher thành công.
• Khách hàng có trách nhiệm bảo mật thông tin mã thẻ quà tặng sau khi đặt mua. Giftpop sẽ không chịu trách nhiệm hoàn trả các mã thẻ bị mất hoặc ở trạng thái ""Đã sử dụng"" với bất kỳ lý do gì.
• Giftpop sẽ không chịu trách nhiệm đối với chất lượng sản phẩm hoặc dịch vụ được cung cấp cũng như đối với các tranh chấp về sau giữa khách hàng và nhà cung cấp.
• Giftpop có quyền sửa chữa hoặc thay đổi điều khoản và điều kiện sử dụng mà không thông báo trước.
• Hotline Giftpop: 1900 55 88 12.",DIGITAL_TELECOM,300000,,VND,https://img.giftpop.vn/brand/VIETNAMOBILE/MP2308220031_BASIC_origin.jpg,https://www.giftpop.vn/category/view/MP2308220031?category_code=A113,30,2026-08-19T17:00:00.000Z,2027-08-19T17:00:00.000Z,2026-08-19T17:00:00.000Z,2027-09-18T17:00:00.000Z,100,APPROVED,7557691f8c05eec62d1356644dcb885a9a71e6f239200b1069b9bc36464525f3,2026-08-25T04:40:09.705Z
giftpop.vn,MP2401310002,Thẻ Game Soha 100K,"Thẻ game là loại thẻ có mã số thẻ và mã seri giống như các loại thẻ cào điện thoại. Loại thẻ này có công dụng giúp người chơi game nạp tiền vào tài khoản game của mình để sở hữu những vật phẩm có trả phí của game.
*** Hướng dẫn sử dụng:
Bước 1: Truy cập website Pay.sohagame.vn
Bước 2: Đăng nhập tài khoản, nhập tên đăng nhập và mật khẩu
Bước 3: Tìm đến mục ""Nạp thẻ"".
Bước 4: Chọn hình thức thanh toán ""Thẻ game"", Chọn ""Thẻ cào Sohagame"".
Bước 5: Nhập thông tin thẻ, Nhập mã số thẻ và số seri.
Bước 6: Xác nhận và hoàn tất nạp thẻ, Nhấn ""Nạp"" và đợi xác nhận.","• Mỗi voucher chỉ được sử dụng 01 lần.
• Không có giá trị quy đổi thành tiền mặt.
• Không áp dụng hoàn, hủy voucher sau khi khách hàng đổi voucher thành công.
• Khách hàng có trách nhiệm bảo mật thông tin mã thẻ quà tặng sau khi đặt mua. Giftpop sẽ không chịu trách nhiệm hoàn trả các mã thẻ bị mất hoặc ở trạng thái ""Đã sử dụng"" với bất kỳ lý do gì.
• Giftpop sẽ không chịu trách nhiệm đối với chất lượng sản phẩm hoặc dịch vụ được cung cấp cũng như đối với các tranh chấp về sau giữa khách hàng và nhà cung cấp.
• Giftpop có quyền sửa chữa hoặc thay đổi điều khoản và điều kiện sử dụng mà không thông báo trước.
• Hotline Giftpop: 1900 55 88 12.",DIGITAL_TELECOM,100000,,VND,https://img.giftpop.vn/brand/SOHACOIN/MP2401310002_BASIC_origin.jpg,https://www.giftpop.vn/category/view/MP2401310002?category_code=A114,45,2026-08-19T17:00:00.000Z,2027-08-19T17:00:00.000Z,2026-08-19T17:00:00.000Z,2027-10-03T17:00:00.000Z,100,APPROVED,e78b0ffc99b3c04594eb064010776e2df424ea46cda3c2ab9f4009cf80db636f,2026-08-25T04:40:09.705Z
giftpop.vn,MP2512230009,Suối Tiên - Combo Khám Phá và Công Viên Nước Dành Cho Người Lớn,Combo Khám Phá và Công Viên Nước gồm:
- Vé Cổng - Xe Taxi - Kỳ Lân Cung
- Lâu Đài Tuyết
- Âm Cung Đệ Nhất Cung Đình Tửu
- Bí Mật Rừng Phù Thủy
- Cối Xay Thần Gió
- Du Thuyền Tứ Linh
- Biển Tiên Đồng Ngọc Nữ,"• Quý Khách vui lòng xuất trình voucher trước khi thanh toán.
- Voucher chỉ áp dụng trước khi vào cổng
- Khách có voucher vui lòng đổi vé tại phòng hướng dẫn du lịch
• Quy định tính vé: - Dưới 1m: Miễn vé (Trừ các trò chơi tại khu Mega Zone).
- Từ 1m đến dưới 1m4: Áp dụng giá vé dành cho trẻ em.
- Từ 1m4 trở lên: Áp dụng giá vé dành cho người lớn.
• Ngày áp dụng: Tất cả các ngày trừ lễ tết (tết dương lịch, tết nguyên đán (từ mùng 1- mùng 10 tết), Giỗ tổ Hùng Vương, 30/4 – 1/5, 01/9, 02/9)
• Giờ áp dụng: 08h00 - 17h00
• Mỗi voucher được sử dụng 01 lần, có thể áp dụng nhiều voucher cho 01 hóa đơn.
• Không có giá trị quy đổi thành tiền mặt, không được hoàn trả tiền thừa.
• Không chấp nhận mã voucher quá hạn sử dụng, trạng thái đã sử dụng.
• Voucher không áp dụng song song với các ưu đãi khác tại Suối Tiên.
• Suối Tiên chịu trách nhiệm xuất hóa đơn tài chính khi khách hàng yêu cầu.
• Nghiêm cấm mọi hình thức mua đi bán lại, kinh doanh trái với qui định của Giftpop và cửa hàng
• Suối Tiên có quyền từ chối áp dụng và thu hồi voucher khi phát hiện voucher đó nằm trong hành vi mua đi bán lại, kinh doanh trái với quy định của Giftpop và cửa hàng
• Nếu giá trị đơn hàng của khách hàng vượt quá giá trị của voucher thì khách hàng phải thanh toán thêm khoản chênh lệch cho Suối Tiên.
• Địa điểm đổi vé: tại phòng hướng dẫn du lịch (phòng đổi vé).
• Các thức đổi vé: Khách hàng vui lòng xuất trình đường link có chứa mã code tại phòng hướng dẫn Suối Tiên để xác thực và đổi vé.
• Địa chỉ: 120 Xa Lộ Hà Nội, Phường Tân Phú, TP Thủ Đức, TP. HCM Thời gian áp dụng: 90 ngày
• Khách hàng có trách nhiệm bảo mật thông tin mã thẻ quà tặng sau khi đặt mua. Giftpop sẽ không chịu trách nhiệm hoàn trả các mã thẻ bị mất hoặc ở trạng thái ""Đã sử dụng"" với bất kỳ lý do gì.
• Giftpop sẽ không chịu trách nhiệm đối với chất lượng của sản phẩm được cung cấp cũng như đối với các tranh chấp về sau giữa khách hàng và nhà cung cấp.
• Giftpop có quyền sửa chữa hoặc thay đổi điều khoản và điều kiện sử dụng mà không thông báo trước.
• Hotline Giftpop: 1900 55 88 12",ENTERTAINMENT,450000,,VND,https://img.giftpop.vn/brand/SUOITIEN/MP2512230009_BASIC_origin.jpg,https://www.giftpop.vn/category/view/MP2512230009?category_code=A116,7,2026-08-20T17:00:00.000Z,2027-08-20T17:00:00.000Z,2026-08-20T17:00:00.000Z,2027-08-27T17:00:00.000Z,100,APPROVED,b1e60affd4767aed44f96b5f9146ee8bac9328f44a7b650badd50c8f52734b1d,2026-08-25T04:40:09.705Z
giftpop.vn,MP2605150005,Phiếu quà tặng LOTTE Mart 500.000 VNĐ,"""LOTTE Mart là hệ thống siêu thị và đại siêu thị thuộc Tập đoàn Lotte (Hàn Quốc) – một trong những tập đoàn bán lẻ hàng đầu châu Á. Ra mắt tại Việt Nam từ năm 2008, LOTTE Mart nhanh chóng trở thành điểm mua sắm quen thuộc của hàng triệu gia đình nhờ không gian hiện đại, sản phẩm phong phú và dịch vụ chuyên nghiệp.
Với danh mục hàng chục nghìn sản phẩm từ thực phẩm tươi sống, nhu yếu phẩm, hàng gia dụng đến thời trang và mỹ phẩm, LOTTE Mart đáp ứng đa dạng nhu cầu của người tiêu dùng. Bên cạnh đó, thương hiệu còn phát triển các dòng sản phẩm riêng (Private Brand) chất lượng cao, giá cả hợp lý, mang đến nhiều lựa chọn tiết kiệm và an toàn cho khách hàng.
Theo đuổi triết lý “Tiện lợi – Chất lượng – Tận tâm”, LOTTE Mart không chỉ tạo nên trải nghiệm mua sắm hiện đại mà còn hướng đến phát triển bền vững, gắn kết với cộng đồng và nâng cao chất lượng cuộc sống người Việt.""","• Quý khách vui lòng xuất trình voucher cho nhân viên để thanh toán.
• Mỗi voucher chỉ được sử dụng 01 lần, có thể áp dụng được tối đa 20 vouchers trên một hóa đơn.
• Không có giá trị quy đổi thành tiền mặt, không được hoàn trả tiền thừa.
• Voucher đã phát hành, không chấp nhận hủy/ đổi/ trả/ hoàn tiền.
• Không chấp nhận mã voucher quá hạn sử dụng, trạng thái đã sử dụng.
• Nếu giá trị đơn hàng của khách hàng vượt quá giá trị của voucher thì khách hàng phải thanh toán thêm khoản chênh lệch đó.
• LOTTE Mart chịu trách nhiệm xuất hóa đơn giá trị gia tăng (VAT), khi khách hàng có nhu cầu.
• Khách hàng có trách nhiệm bảo mật thông tin mã thẻ quà tặng sau khi đặt mua. Giftpop sẽ không chịu trách nhiệm hoàn trả các mã thẻ bị mất hoặc ở trạng thái ""đã sử dụng"" với bất kỳ lý do gì.
• Giftpop sẽ không chịu trách nhiệm đối với chất lượng của sản phẩm hoặc dịch vụ được cung cấp cũng như đối với các tranh chấp về sau giữa khách hàng và nhà cung cấp.
• Giftpop có quyền sửa chữa hoặc thay đổi điều khoản và điều kiện sử dụng mà không thông báo trước.
• Hotline Giftpop: 1900 55 88 12",SHOPPING_RETAIL,500000,,VND,https://img.giftpop.vn/brand/LOTTEMART/MP2605150005_BASIC_origin.jpg,https://www.giftpop.vn/category/view/MP2605150005?category_code=A117,7,2026-08-19T17:00:00.000Z,2027-08-19T17:00:00.000Z,2026-08-19T17:00:00.000Z,2027-08-26T17:00:00.000Z,100,APPROVED,f3d4fe0c55bf3afd26a337f66e2fe5528f976a49c169bcbcdaebc7baf0c3a212,2026-08-25T04:40:09.705Z
giftpop.vn,MP2512020001,Lotty Friends - Vé Vào Khu Vui Chơi Trẻ Em (Thứ 2 – Thứ 6),"Lotty Friends - Vé Vào Cổng Khu Vui Chơi Trẻ Em (Thứ 2 – Thứ 6): Voucher tương đương 1 vé vào cổng, bao gồm 1 trẻ em và 1 người lớn đi kèm.
Lotty Friends là khu vui chơi trong nhà đầu tiên được Lotte World phát triển tại Hà Nội, tọa lạc tại Vincom Times City, mở ra một thế giới trẻ thơ đầy sắc màu với những cuộc phiêu lưu kỳ thú, các hoạt động sáng tạo mang đến niềm vui bất tận!
Các bé sẽ được thỏa sức vui chơi, chinh phục thử thách và khơi dậy cảm hứng sáng tạo, đồng thời nuôi dưỡng ước mơ về một thế giới xanh - nơi con người sống gần gũi với thiên nhiên và cùng nhau bảo vệ môi trường.
Chính sách giá vé đi kèm vui lòng thanh toán thêm tại quầy (nếu sử dụng):
- Em bé (dưới 75cm): 20.000 VND/ bé
- Người lớn thứ 2 trở đi: 20.000 VND/ người
- Lớp vẽ: 80.000 VND/ người
Thời gian hoạt động:
- Ngày thường: 10:00 - 22:00
- Cuối tuần: 9:30 - 22:00","• Quý khách vui lòng xuất trình voucher cho nhân viên trước khi vào cổng khu vui chơi.
• Vé bao gồm phí vào cửa và vui chơi trong thời gian hoạt động của Lotty Friends, không bao gồm các dịch vụ phụ trợ khác.
• Mỗi voucher được sử dụng 01 lần, có thể áp dụng được nhiều voucher cho 01 hóa đơn.
• Không có giá trị quy đổi thành tiền mặt, không được hoàn trả tiền thừa.
• Voucher đã phát hành, không chấp nhận hủy/ đổi/ trả/ hoàn tiền.
• Không chấp nhận mã voucher quá hạn sử dụng, trạng thái đã sử dụng.
• Nếu giá trị đơn hàng của khách hàng vượt quá giá trị của voucher thì khách hàng phải thanh toán thêm khoản chênh lệch đó.
• Lotty Friends chịu trách nhiệm xuất hóa đơn giá trị gia tăng (VAT), khi khách hàng có nhu cầu.
• Khách hàng có trách nhiệm bảo mật thông tin mã thẻ quà tặng sau khi đặt mua. Giftpop sẽ không chịu trách nhiệm hoàn trả các mã thẻ bị mất hoặc ở trạng thái ""đã sử dụng"" với bất kỳ lý do gì.
• Giftpop sẽ không chịu trách nhiệm đối với chất lượng của sản phẩm hoặc dịch vụ được cung cấp cũng như đối với các tranh chấp về sau giữa khách hàng và nhà cung cấp.
• Giftpop có quyền sửa chữa hoặc thay đổi điều khoản và điều kiện sử dụng mà không thông báo trước.
• Hotline Giftpop: 1900 55 88 12",SHOPPING_RETAIL,150000,142500,VND,https://img.giftpop.vn/brand/LOTTYFRIENDS/MP2512020001_BASIC_origin.jpg,https://www.giftpop.vn/category/view/MP2512020001?category_code=A118,7,2026-08-20T17:00:00.000Z,2027-08-20T17:00:00.000Z,2026-08-20T17:00:00.000Z,2027-08-27T17:00:00.000Z,100,APPROVED,ecb31382b2ff8bd55bce501dd4e5e8998e8ed83b164278fc4c7c174124318b31,2026-08-25T04:40:09.705Z
giftpop.vn,MP2012150001,Phiếu quà tặng K-Market 300k,"Phiếu quà tặng K-Market với nhiều mệnh giá sẽ là giải pháp hoàn hảo cho doanh nghiệp dùng tặng hoặc thưởng cho nhân viên, cũng sẽ là món quà ý nghĩa và thiết thực cho bạn dành tặng cho bạn bè, người thân mỗi dịp lễ tết, sinh nhật… Phiếu quà tặng tiền mặt áp dụng để mua được tất cả các sản phẩm tại cửa hàng một cách nhanh chóng, sử dụng dễ dàng, lan tỏa yêu thương. Các sản phẩm tại K-Market hầu hết được nhập khẩu trực tiếp từ Hàn Quốc, đảm bảo vệ sinh, an toàn cho sức khỏe người tiêu dùng, ngoài ra với gần 10.000 mặt hàng tại K-Market làm phong phú cho sự lựa chọn khách hàng.","• Để sử dụng voucher khách hàng vui lòng mua hàng hóa bằng hoặc nhiều hơn giá trị của Voucher.
• Mỗi voucher chỉ được sử dụng 01 lần, có thể áp dụng được nhiều voucher trên hóa đơn.
• Voucher không áp dụng hình thức hủy/ đổi/ trả/ hoàn tiền.
• Không đổi được ra tiền mặt một phần hoặc toàn bộ.
• Không hoàn trả hoặc bán lại được, không hoàn/ hủy voucher sau khi sử dụng thành công.
• Không áp dụng với chương trình tích điểm Membership của K Market.
• Không áp dụng với các chương trình giảm giá khác khi thanh toán bằng thẻ.
• Không áp dụng với các chương trình khuyến mãi khác tại cửa hàng.
• Có thể áp dụng cùng với Phiếu Quà Tặng giấy của K Market.
• Giá trị đơn hàng thanh toán phải cao hơn giá trị của Voucher.
• Nếu giá tiền đơn đặt hàng của khách hàng vượt quá giá trị của voucher thì khách hàng phải thanh toán thêm số tiền chênh lệch đó.
• K-Market sẽ xuất hóa đơn VAT khi khách hàng có yêu cầu.
• Khách hàng có trách nhiệm bảo mật thông tin mã thẻ quà tặng sau khi đặt mua. Giftpop sẽ không chịu trách nhiệm hoàn trả các mã thẻ bị mất hoặc ở trạng thái ""đã sử dụng"" với bất kỳ lý do gì.
• Giftpop sẽ không chịu trách nhiệm đối với chất lượng của sản phẩm được cung cấp cũng như đối với các tranh chấp về sau giữa khách hàng và nhà cung cấp.
• Giftpop có quyền sửa chữa hoặc thay đổi điều khoản và điều kiện sử dụng mà không thông báo trước.
• Hạn sử dụng: 90 ngày kể từ ngày mua.
• Hotline Giftpop: 1900 55 88 12",SHOPPING_RETAIL,300000,291000,VND,https://img.giftpop.vn/brand/KMARKET/MP2012150001_BASIC_origin.jpg,https://www.giftpop.vn/category/view/MP2012150001?category_code=A119,7,2026-08-20T17:00:00.000Z,2027-08-20T17:00:00.000Z,2026-08-20T17:00:00.000Z,2027-08-27T17:00:00.000Z,100,APPROVED,6b0463aea74df7e1f9e07a57b9bb0f12997947d7595d1519ceed3331305c118c,2026-08-25T04:40:09.705Z
giftpop.vn,MP2212080006,Phiếu quà tặng Beloved & Beyond 500K,"Beloved & Beyond là nền tảng thương mại điện tử đầu tiên chuyên dành cho sản phẩm hoa và quà tặng tại Việt Nam. Kết nối khách hàng với nhà bán quà tặng trên một nền tảng duy nhất, Beloved & Beyond giúp quý khách hàng tìm kiếm và lựa chọn quà tặng phù hợp nhất dành tặng những người thân yêu một cách tiện lợi và nhanh chóng.
Quà tặng đa dạng - Tìm kiếm dễ dàng - Thanh toán an toàn - Giao hàng toàn quốc. Trải nghiệm ngay nhé!
Phiếu quà tặng được áp dụng thanh toán online tại website và App Beloved & Beyond.","• Mỗi voucher chỉ được sử dụng 01 lần, có thể áp dụng được nhiều voucher trên hóa đơn.
• Voucher áp dụng khi khách mua sắm trực tiếp tại website Beloved & Beyond và mobile app Beloved & Beyond.
• Không đổi được ra tiền mặt một phần hoặc toàn bộ.
• Không hoàn trả hoặc bán lại được.
• Nếu giá tiền đơn đặt hàng của khách hàng vượt quá giá trị của voucher thì khách hàng phải thanh toán thêm số tiền chênh lệch đó.
• Beloved & Beyond sẽ xuất hóa đơn khi khách hàng có yêu cầu.
• Voucher áp dụng cho các chương trình khuyến mãi khác.
• Thời gian hoạt động 24/24 và xuyên suốt các mùa lễ, trừ các ngày Tết Nguyên Đán.
• Khách hàng có trách nhiệm bảo mật thông tin mã thẻ quà tặng sau khi đặt mua. Giftpop sẽ không chịu trách nhiệm hoàn trả các mã thẻ bị mất hoặc ở trạng thái ""đã sử dụng"" với bất kỳ lý do gì.
• Giftpop sẽ không chịu trách nhiệm đối với chất lượng của sản phẩm được cung cấp cũng như đối với các tranh chấp về sau giữa khách hàng và nhà cung cấp.
• Giftpop có quyền sửa chữa hoặc thay đổi điều khoản và điều kiện sử dụng mà không thông báo trước.
• Hạn sử dụng: 90 ngày kể từ ngày mua.
• Hotline Giftpop: 1900 55 88 12",LIFESTYLE_SERVICES,500000,475000,VND,https://img.giftpop.vn/brand/BELOVEDBEYOND/MP2212080006_BASIC_origin.jpg,https://www.giftpop.vn/category/view/MP2212080006?category_code=A120,7,2026-08-20T17:00:00.000Z,2027-08-20T17:00:00.000Z,2026-08-20T17:00:00.000Z,2027-08-27T17:00:00.000Z,100,APPROVED,bfc0e22fb4f72019c7e32aab45f34db8c222da2185696d5b03f4fc0fe429421d,2026-08-25T04:40:09.705Z
giftpop.vn,MP2509230003,Phiếu quà tặng beFood 50k,"Với tham vọng trở thành nền tảng tiêu dùng số 1 đa dịch vụ phục vụ mọi nhu cầu thiết yếu hàng ngày của 20 triệu người tiêu dùng Việt, Be hiện đang cung cấp nhiều dịch vụ bao gồm vận tải, giao hàng, giao đồ ăn, mua sắm nhu yếu phẩm, bảo hiểm, dịch vụ viễn thông cũng như tiếp tục phát triển và ra mắt các sản phẩm mới. Kể từ khi ra mắt vào năm 2019, Ứng dụng Be đã được tải xuống hơn 20 triệu lần, hiện đang phục vụ hơn 10 triệu giao dịch hàng tháng và ngày càng phát triển. Be hiện đã mở rộng hoạt động đến 28 tỉnh, thành phố và là nền tảng phát triển nhất của Việt Nam trong lĩnh vực vận tải công nghệ. Be Group đã nhanh chóng thiết lập hệ sinh thái số công nghệ của riêng mình bao gồm hàng triệu người dùng, tài xế và đối tác kinh doanh, đồng thời mở rộng quan hệ hợp tác đa dạng với các tập đoàn trong nước, các công ty công nghệ khác và những tổ chức cung cấp những giải pháp về tài chính để đáp ứng nhu cầu thiết yếu hàng ngày của người dùng bao gồm vận chuyển, giao hàng, giao đồ ăn và nhu yếu phẩm.
Hướng dẫn sử dụng E - Voucher:
Trường hợp 1: Áp dụng mã ngay khi sử dụng dịch vụ.
Bước 1: Tại màn hình đặt xe, chọn “Ưu đãi”.
Bước 2: Nhập mã voucher, bấm “Sử dụng”.
Bước 3: Pop up thông báo mã khuyến mại được áp dụng thành công và sẵn sàng để sử dụng.
Bước 4: Chuyến đi được áp mã giảm giá. Bấm “Đặt xe” để tìm Tài xế và di chuyển.
Trường hợp 2: Lưu mã vào app để sử dụng sau.
Bước 1: Tại màn hình chính của app Be, chọn mục “Đổi ưu đãi”.
Bước 2: Chọn “Ưu đãi”.
Bước 3: Chọn đúng dịch vụ của voucher và nhập mã voucher, bấm “Sử dụng”.
Bước 4: Pop up thông báo mã khuyến mại được áp dụng thành công và sẵn sàng để sử dụng.
Hướng dẫn kiểm tra mã ưu đãi:
Bước 1: Tại màn hình chính của app Be, chọn mục “Đổi ưu đãi”.
Bước 2: Chọn “Ưu đãi”.
Bước 3: Chọn đúng dịch vụ của Voucher / Combo Voucher để kiểm tra “Đặt xe”, “Giao hàng”, “Món ăn”.
Bước 4: Lướt tìm các Ưu đãi đã được lưu vào ví.","• Voucher áp dụng cho đơn hàng be Food.
• Khách hàng phải sử dụng (nhập mã) e -Voucher hợp lệ trước khi sử dụng Dịch Vụ thông qua Ứng dụng Be.
• Khách hàng phải thanh toán số tiền thiếu còn lại (nếu có) sau khi đã sử dụng e -Voucher.
Mỗi giao dịch chỉ áp dụng tối đa 01 (một) e -Voucher.
• Áp dụng cho phương thức thanh toán Dịch Vụ: thanh toán bằng tiền mặt, bằng thẻ ngân hàng (giao dịch thanh toán trực tuyến tự động) và các ví điện tử tích hợp trong Ứng dụng Be.
• Hạn sử dụng: 19/9/2026
• Địa bàn sử dụng: áp dụng tại các tỉnh thành mà Be cung cấp dịch vụ.
• Mỗi e -Voucher không có giá trị quy đổi thành tiền mặt hoặc hoàn tiền hoặc trả tiền thừa.
• Các cá nhân sở hữu e-Voucher không được phép chuyển nhượng cho người khác.
• E -Voucher không được hoàn lại khi hủy giao dịch hoặc nếu lỗi phát sinh từ phía người sử dụng/Khách hàng và/hoặc Bên B.
• Không áp dụng đối với giao dịch hoàn/hủy (bao gồm cả hoàn/hủy một phần hoặc toàn bộ).",TRANSPORT,50000,,VND,https://img.giftpop.vn/brand/BE/MP2509230003_BASIC_origin.jpg,https://www.giftpop.vn/category/view/MP2509230003?category_code=A122,7,2026-08-19T17:00:00.000Z,2027-08-19T17:00:00.000Z,2026-08-19T17:00:00.000Z,2027-08-26T17:00:00.000Z,100,APPROVED,9b8067191aad1807d6c722c1e5e3dbff7433d1112e6b9e31a983c7daed23c466,2026-08-25T04:40:09.705Z
giftpop.vn,MP2311060003,[Giftpop] Phiếu Quà Tặng Chuk Tea & Coffee - Chuk Express 100K,"Chuk Tea & Coffee phát âm như “chút” là cách nói lái mà Gen Z Việt sử dụng như một thói quen với vẻ hóm hỉnh, hài hước. Chuk ra đời trong kỷ nguyên Gen Z, khi mà thế hệ trẻ đang dần khẳng định sức ảnh hưởng mạnh mẽ của mình ở mọi lĩnh vực đời sống, bởi thế mà Chuk tự hào là một trong những thương hiệu thức uống tiên phong mang đậm chất phá cách, hiện đại và quốc tế. Với thiết kế và màu sắc thương hiệu khiến “yêu ngay từ cái nhìn đầu tiên” trong tất cả mọi câu chuyện hình ảnh, Chuk tạo ra không gian đậm chất “lifestyle” nhằm lan toả nguồn cảm hứng sáng tạo và năng lượng tích cực đến tất cả mọi người.
Chuk mang đến các món Trà và Cà phê được biến tấu đặc biệt cùng các nguyên liệu do chính đội ngũ pha chế dày công sáng tạo ra. Chuk tự tin đảm bảo về giá trị cốt lõi hoàn hảo nhất đến với người tiêu dùng, hoà quyện với các hương vị hợp “trend” nhằm mang đến sự bùng nổ vị giác thật đặc biệt.
Là một thành viên của Tập đoàn KIDO, Chuk phát triển đa dạng mô hình kinh doanh trên khắp cả nước, để mọi người có thể dễ dàng gặp gỡ Chuk tại các hệ thống cửa hàng, xe đẩy và Kiosk. Bên cạnh đó, như một người trẻ hiện đại đầy khao khát khám phá thế giới, Chuk sẽ không ngừng vươn xa, mang hình ảnh của mình đến với bạn bè quốc tế.","• Quý Khách vui lòng xuất trình voucher trước khi thanh toán.
• Mỗi voucher được sử dụng 01 lần, có thể áp dụng nhiều voucher cho 01 hóa đơn.
• Voucher có giá trị tương đương tiền mặt.
• Không có giá trị quy đổi thành tiền mặt, không được hoàn trả tiền thừa.
• Không chấp nhận mã voucher quá hạn sử dụng, trạng thái đã sử dụng.
• Voucher được áp dụng song song với các ưu đãi tại cửa hàng. Nhưng không áp dụng chung với ưu đãi của đối tác khác.
• Cửa hàng chịu trách nhiệm xuất hóa đơn tài chính khi khách hàng yêu cầu.
• Nghiêm cấm mọi hình thức mua đi bán lại, kinh doanh trái với qui định của Giftpop và cửa hàng.
• Cửa hàng có quyền từ chối áp dụng và thu hồi voucher khi phát hiện voucher đó nằm trong hành vi mua đi bán lại, kinh doanh trái với quy định của Giftpop và cửa hàng.
• Nếu giá trị đơn hàng của khách hàng vượt quá giá trị của voucher thì khách hàng phải thanh toán thêm khoản chênh lệch cho cửa hàng.
• Khách hàng có nhu cầu xuất hoá đơn vui lòng liên hệ cửa hàng.
• Khách hàng có trách nhiệm bảo mật thông tin mã thẻ quà tặng sau khi đặt mua. Giftpop sẽ không chịu trách nhiệm hoàn trả các mã thẻ bị mất hoặc ở trạng thái ""Đã sử dụng"" với bất kỳ lý do gì.
• Giftpop sẽ không chịu trách nhiệm đối với chất lượng sản phẩm hoặc dịch vụ được cung cấp cũng như đối với các tranh chấp về sau giữa khách hàng và nhà cung cấp.
• Giftpop có quyền sửa chữa hoặc thay đổi điều khoản và điều kiện sử dụng mà không thông báo trước.
• Hotline Giftpop: 1900 55 88 12.",FOOD_DRINK,100000,97000,VND,https://img.giftpop.vn/brand/CHUKTEA/MP2311060003_BASIC_origin.jpg,https://www.giftpop.vn/category/view/MP2311060003?category_code=A101,30,2026-08-20T17:00:00.000Z,2027-08-20T17:00:00.000Z,2026-08-20T17:00:00.000Z,2027-09-19T17:00:00.000Z,100,APPROVED,ac05d4f1dd461ed1ec70a9633d2f26aa22d51e3a04136ac7a5c812f8790c30fd,2026-08-25T04:40:09.705Z
giftpop.vn,MP2605070003,Phiếu quà tặng Ngư Phàn 200K,"Ngư là cá. Phàn là cơm.
Một bữa ăn mang phong vị Trung Hoa, đủ đầy và có thể lặp lại mỗi ngày.
Phiếu Quà Tặng Ngư Phàn là món quà dành cho những ai yêu thích bữa ăn mang cảm hứng Trung Hoa ấm áp và dễ thưởng thức mỗi ngày.
Phiếu có thể sử dụng cho các món canh cá đặc trưng, cơm và các món ăn chia sẻ lấy cảm hứng từ ẩm thực Tứ Xuyên tại Ngư Phàn.
Được thiết kế cho nhiều nhu cầu dùng bữa — từ bữa ăn nhanh một mình đến những buổi gặp gỡ thân mật — người nhận có thể tự lựa chọn hương vị, độ cay và khẩu phần phù hợp.
Một quán ăn Trung Hoa phù hợp cho bữa ăn hàng ngày của bạn.
Everyday Chinese Eatery.","• Mỗi voucher chỉ được sử dụng 01 lần có thể áp dụng được nhiều voucher cho 01 đơn hàng.
• Không có giá trị quy đổi thành tiền mặt, không được hoàn trả tiền thừa.
• Voucher không hoàn trả hoặc bán lại được.
• Nếu giá tiền đơn đặt hàng của khách hàng vượt quá giá trị của voucher thì khách hàng phải thanh toán thêm số tiền chênh lệch đó.
• Voucher không áp dụng cho các thức uống có cồn.
• Voucher không áp dụng với chương trình ưu đãi sinh nhật hạng hội viên, ưu đãi hạng hội viên nhân viên SBO, hạng hội viên cư dân Vinhome, Tặng món.
• Voucher KHÔNG được áp dụng chung với các chương trình khuyến mãi khác, Voucher ưu đãi khác tại cửa hàng.
• Voucher được áp dụng trong các ngày Lễ Tết.
• Cửa hàng sẽ xuất hoá đơn VAT khi khách hàng cho nhu cầu.
• Khách hàng có trách nhiệm bảo mật thông tin mã thẻ quà tặng sau khi đặt mua. Giftpop sẽ không chịu trách nhiệm hoàn trả các mã thẻ bị mất hoặc ở trạng thái ""Đã sử dụng"" với bất kỳ lý do gì.
• Giftpop sẽ không chịu trách nhiệm đối với chất lượng sản phẩm hoặc dịch vụ được cung cấp cũng như đối với các tranh chấp về sau giữa khách hàng và nhà cung cấp.
• Giftpop có quyền sửa chữa hoặc thay đổi điều khoản và điều kiện sử dụng mà không thông báo trước.
• Hotline Giftpop: 1900 55 88 12.",FOOD_DRINK,200000,,VND,https://img.giftpop.vn/brand/NGUPHAN/MP2605070003_BASIC_origin.jpg,https://www.giftpop.vn/category/view/MP2605070003?category_code=A102,30,2026-08-21T17:00:00.000Z,2027-08-21T17:00:00.000Z,2026-08-21T17:00:00.000Z,2027-09-20T17:00:00.000Z,100,APPROVED,a94e16d8dd6290fcf3f59c1605a9343e3540098acf4567e34bcf6ed1669a0348,2026-08-25T04:40:09.705Z
giftpop.vn,MP2502270003,[Giftpop] Phiếu quà tặng TOUS les JOURS 200K,"Với sự ra đời của cửa hàng đầu tiên tại Việt Nam vào năm 2007, chuỗi cửa hàng TOUS les JOURS khẳng định vị trí dẫn đầu trong phân khúc cao cấp bánh và cà phê của ngành công nghiệp thực phẩm.
Tên gọi “TOUS les JOURS” được bắt nguồn từ 1 cụm từ trong tiếng Pháp có nghĩa là “mỗi ngày”, chúng tôi hiểu rằng những chiếc bánh mới ra lò là những chiếc bánh ngon nhất. TOUS les JOURS đặc biệt chọn lọc những nguyên liệu tốt cho sức khỏe cũng như chú trọng sự tươi mới của từng sản phẩm khi đến tay khách hàng. TOUS les JOURS luôn ưu tiên là chất lượng sản phẩm đi kèm với dịch vụ, lấy khách hàng là trọng tâm, cam kết phát triển lâu dài và nâng cao chất lượng phục vụ người tiêu dùng Việt Nam. Với sự phát triển tại Việt Nam hiện nay hệ thống của TOUS les JOURS đã có mặt tại khắp các tỉnh thành.
Phiếu quà tặng TOUS les JOURS có giá trị tương đương tiền mặt, được dùng để thanh toán hóa đơn mua hàng tại cửa hàng. Phiếu quà tặng với nhiều mệnh giá sẽ là giải pháp hoàn hảo cho doanh nghiệp dùng tặng thưởng cho nhân viên, cũng sẽ là món quà ý nghĩa và thiết thực cho bạn dành tặng người thân, bạn bè nhân dịp lễ tết, sinh nhật...","• Mỗi voucher được sử dụng 01 lần, áp dụng nhiều voucher/ hóa đơn.
• Voucher chỉ áp dụng cho đơn hàng có giá trị bằng hoặc lớn hơn giá trị voucher. Không áp dụng cho đơn hàng có giá trị thấp hơn giá trị voucher.
• Không áp dụng cho giao dịch giao hàng tận nơi hoặc đặt hàng qua bên thứ ba.
• Voucher chỉ áp dụng cho mua sản phẩm với giá gốc, không kèm theo chương trình khuyến mãi nào khác tại cửa hàng và chương trình thẻ thành viên CJ Member.
• Không áp dụng voucher khi mua thẻ quà tặng của TOUS les JOURS (Gift Card).
• Không đổi được ra tiền mặt một phần hoặc toàn bộ, không hoàn trả hoặc bán lại được.
• Không chấp nhận mã voucher quá hạn sử dụng, trạng thái đã sử dụng.
• Nếu giá trị đơn hàng của khách hàng vượt quá giá trị của voucher thì khách hàng phải thanh toán thêm khoản chênh lệch đó.
• Khách hàng có trách nhiệm bảo mật thông tin mã thẻ quà tặng sau khi đặt mua. Giftpop sẽ không chịu trách nhiệm hoàn trả các mã thẻ bị mất hoặc ở trạng thái ""Đã sử dụng"" với bất kỳ lý do gì.
• Giftpop sẽ không chịu trách nhiệm đối với chất lượng sản phẩm hoặc dịch vụ được cung cấp cũng như đối với các tranh chấp về sau giữa khách hàng và nhà cung cấp.
• Giftpop có quyền sửa chữa hoặc thay đổi điều khoản và điều kiện sử dụng mà không thông báo trước.
• Hotline Giftpop: 1900 55 88 12",FOOD_DRINK,200000,194000,VND,https://img.giftpop.vn/brand/TOUSLESJOURS/MP2502270003_BASIC_origin.jpg,https://www.giftpop.vn/category/view/MP2502270003?category_code=A103,45,2026-08-19T17:00:00.000Z,2027-08-19T17:00:00.000Z,2026-08-19T17:00:00.000Z,2027-10-03T17:00:00.000Z,100,APPROVED,02c488d2c1fd8a77c7fa8cd1023fa969cc951ea6f9d5366b62c47615def4415b,2026-08-25T04:40:09.705Z
giftpop.vn,MP2606300002,[Ver4] D'Maris Voucher Vé Buffet Cuối Tuần/Lễ Tết Buổi Trưa,"- D’Maris là một chuỗi hệ thống các nhà hàng theo phong cách buffet bắt nguồn từ Hàn Quốc. Từ sự kết hợp chữ “D” trong “Delicious” và “Maris” mang nghĩa “gió biển” trong tiếng Latinh, tên gọi D’Maris ẩn chứa ý nghĩa “Hương vị gió biển”. D’Maris có mặt tại Việt Nam và đã trở thành một địa điểm thưởng thức ẩm thực thú vị dành cho mọi người.
- D’Maris đã trở thành một địa chỉ thưởng thức ẩm thực tuyệt vời, với không gian rộng lớn hơn 3.000m2, đội ngũ nhân viên chuyên nghiệp và chất lượng dịch vụ đạt chuẩn 5 sao.
- Đến với D’Maris, thực khách sẽ được trải nghiệm hành trình ẩm thực phong phú qua nhiều quốc gia trên thế giới như Hàn Quốc, Nhật Bản, châu Âu và không thể thiếu Việt Nam với thực đơn hơn 250 món ăn được ví như “tinh hoa ẩm thực” của từng quốc gia.
- Để làm nên chất lượng tuyệt hảo cho từng món ăn, D’Maris luôn chú trọng vào khâu lựa chọn những loại nguyên liệu tươi ngon, được nhập khẩu từ hệ thống các nhà cung cấp uy tín. Nguyên liệu được kiểm tra đầu ngày qua quy trình gắt gao, ưu tiên sử dụng nguyên liệu xanh và sạch, đúng mùa và chỉ sử dụng trong ngày để đảm bảo hương vị tươi ngon nhất.
- Đội ngũ đầu bếp tại D’Maris có nhiều kinh nghiệm, đến từ Hàn Quốc và Việt Nam, đã lấy danh dự và tấm lòng thành của bản thân mình đặt trọn vào các món ăn. Đặc biệt tất cả món ăn đều được nấu trực tiếp tại quầy (ngoại trừ kim chi, các thực phẩm muối chua, bánh quy).","• Voucher chỉ áp dụng tại khu vực Thành phố Hồ Chí Minh.
• Khách hàng vui lòng đưa voucher cho nhân viên khi thanh toán.
• Thời gian áp dụng Vé Buffet Cuối tuần/Lễ Tết Buổi trưa: 11:00 - 15:00 cho các ngày thứ 7, chủ nhật và lễ tết.
• Voucher không bao gồm bia, rượu và các loại đồ uống trong menu tính phí
• Chính sách cho trẻ em:
* Thứ 2 - Thứ 6:
- Trẻ em dưới 48 tháng tuổi miễn phí giá vé.
- Trẻ em từ 4~6 tuổi : 278.640 vnd/1 bé (thanh toán tại nhà hàng).
- Trẻ em từ 7~12 tuổi : 408.240 vnd/1 bé (thanh toán tại nhà hàng).
- Trên 12 tuổi: tính như người lớn.
• Không áp dụng mang về. Voucher đã bao gồm VAT và phí phục vụ. Nhà hàng chịu trách nhiệm xuất hóa đơn khi khách hàng yêu cầu. Hóa đơn chỉ xuất cho khách hàng tới sử dụng vé thực tế tại nhà hàng.
• Khách hàng vui lòng đặt chỗ trước khi đến 1 ngày để được phục vụ tốt nhất qua hotline của các chi nhánh như sau:
- Chi nhánh Phú Mỹ Hưng: 1900 0036 - (028) 3776 0600.
- Chi nhánh Cộng Hòa: 1900 0010 - (028) 3811 2222
- Chi nhánh An Phú: 1900 0029 - (028) 3740 8313
• Nhà hàng không bảo đảm chỗ ngồi cho khách nếu không đặt chỗ.
• Voucher không áp dụng đồng thời với các chương trình khuyến mãi khác.
• Voucher không có giá trị quy đổi thành tiền mặt, không trả lại tiền thừa.
• Khách hàng có trách nhiệm bảo mật thông tin mã thẻ quà tặng sau khi đặt mua. Giftpop sẽ không chịu trách nhiệm hoàn trả các mã thẻ bị mất hoặc ở trạng thái ""Đã sử dụng"" với bất kỳ lý do gì.
• Giftpop sẽ không chịu trách nhiệm đối với chất lượng của sản phẩm hoặc dịch vụ được cung cấp cũng như đối với các tranh chấp về sau giữa khách hàng và nhà cung cấp.
• Giftpop có quyền sửa chữa hoặc thay đổi điều khoản và điều kiện sử dụng mà không thông báo trước.",FOOD_DRINK,656640,,VND,https://img.giftpop.vn/brand/DMARIS/MP2606300002_BASIC_origin.jpg,https://www.giftpop.vn/category/view/MP2606300002?category_code=A104,45,2026-08-19T17:00:00.000Z,2027-08-19T17:00:00.000Z,2026-08-19T17:00:00.000Z,2027-10-03T17:00:00.000Z,100,APPROVED,09b922e7792acd86de20677ad67d420a761261e24a0b3723a7af981b825cbd04,2026-08-25T04:40:09.705Z
giftpop.vn,CB2211180002,Combo phiếu quà tặng Golden Gate 100k x 3,"COMBO PHIẾU QUÀ TẶNG GOLDEN GATE 100K X 3
* Thương hiệu áp dụng voucher Golden Gate
Ashima, K-Pub, 37th Street, Hutong, Shogun, Gogi House, Kichi-Kichi, Isushi, Sumo Yakiniku, Cowboy Jack's, Daruma, Yutang, ManWah, Crystal Jade Kitchen, Ktop, Vuvuzela, 500 Pizzeria, Citi Station, Union District Pizza & Grill, Mak Mak, 7Fuku Izakaya, 99 Cents Fresh Pizza, Chixmax, Cloud Pot, Flychef, Hàng Cuốn, Icook, K Pub +, Man Tang Guo, Phở Inn, Sừng Quăn, The Coffee Inn, Universal Tea, Quán Nướng Bò Vui, Mala Gang, Blue Bay, SushiX, Lách Ca Lách Cách, WOW Yakiniku.
Đến với Golden Gate, tùy theo sở thích và khẩu vị của mỗi người mà bạn có thể chọn cho mình thực đơn món ăn phù hợp, tất cả menu đều được chuẩn bị công phu, kỹ lưỡng và nghệ thuật từ các đầu bếp nổi tiếng, lành nghề. Cùng với đó là chuỗi cung ứng nguyên liệu đầu vào tươi ngon, đảm bảo an toàn, tiết kiệm đáng kể chi phí. Đặc biệt, đến với Golden Gate với 18 thương hiệu cùng với hơn 300 nhà hàng, có các món nói là nhớ như buffet lẩu đặc trưng, buffet băng chuyền hiện đại hay buffet nướng đậm đà. Tất cả đều mang một dấu ấn riêng biệt từ hương vị, không gian thiết kế cho đến phong cách phục vụ của các nhân viên tạo cái nhìn thiện cảm từ thực khách, níu chân họ quay lại ghé thăm.
Phiếu quà tặng tiền mặt Golden Gate mệnh giá từ 100k đến 1000k sẽ là giải pháp hoàn hảo cho doanh nghiệp dùng tặng hoặc thưởng cho nhân viên, cũng sẽ là món quà ý nghĩa và thiết thực cho bạn dành tặng cho bạn bè nhân mỗi dịp lễ tết, sinh nhật...
Phiếu quà tặng tiền mặt áp dụng để mua được tất cả các sản phẩm tại nhà hàng một cách nhanh chóng, sử dụng dễ dàng, lan tỏa yêu thương.","• Voucher có giá trị tại toàn bộ hệ thống nhà hàng của Golden Gate và website: https://gdelivery.vn/
• Nhà hàng chỉ chấp nhận thanh toán e-Voucher có QR/Barcode, không chấp nhận bản sao của mã e-Voucher dưới mọi hình thức (bản in photo, hình ảnh, scan, mã số...).
• Mỗi voucher được sử dụng 01 lần, có thể áp dụng nhiều voucher cho 01 hóa đơn.
• Không có giá trị quy đổi thành tiền mặt, không được hoàn trả tiền thừa.
• Không chấp nhận mã voucher quá hạn sử dụng, trạng thái đã sử dụng.
• Voucher được áp dụng song song với các ưu đãi tại nhà hàng.
• Voucher không áp dụng tích điểm, tích G-coin trên TGS và các ưu đãi khác của G-people.
• Nghiêm cấm mọi hình thức mua đi bán lại, kinh doanh trái với qui định của GiftPop và Golden Gate.
• Golden Gate có quyền từ chối áp dụng và thu hồi voucher khi phát hiện voucher đó nằm trong hành vi mua đi bán lại, kinh doanh trái với quy định của Giftpop và Golden Gate.
• Nếu giá trị đơn hàng của khách hàng vượt quá giá trị của voucher thì khách hàng phải thanh toán thêm khoản chênh lệch đó.
• Voucher có giá trị tương đương tiền mặt.
• Golden Gate chịu trách nhiệm xuất hóa đơn VAT cho khách hàng sử dụng tại nhà hàng.
• Chỉ xuất hóa đơn VAT cho khách hàng trực tiếp dùng bữa tại nhà hàng.
• Khách hàng có trách nhiệm bảo mật thông tin mã thẻ quà tặng sau khi đặt mua. Giftpop sẽ không chịu trách nhiệm hoàn trả các mã thẻ bị mất hoặc ở trạng thái ""Đã sử dụng"" với bất kỳ lý do gì.
• Giftpop sẽ không chịu trách nhiệm đối với chất lượng sản phẩm hoặc dịch vụ được cung cấp cũng như đối với các tranh chấp về sau giữa khách hàng và nhà cung cấp.
• Giftpop có quyền sửa chữa hoặc thay đổi điều khoản và điều kiện sử dụng mà không thông báo trước.
• Hotline Giftpop: 1900 55 88 12.",FOOD_DRINK,300000,,VND,https://img.giftpop.vn/combo/CB2211180002_BASIC_origin.jpg,https://www.giftpop.vn/category/view/CB2211180002?category_code=A105,30,2026-08-20T17:00:00.000Z,2027-08-20T17:00:00.000Z,2026-08-20T17:00:00.000Z,2027-09-19T17:00:00.000Z,100,APPROVED,6234781e083352169772d64d8fd2df84fee315d99d03323f0d12b130c8bbf8fc,2026-08-25T04:40:09.705Z
giftpop.vn,1PEMP2425141401,L-Chicken Burger Set,"Nếu bạn đang băn khoăn tìm kiếm một quán ăn giá cả ""hạt dẻ"", không gian thoáng mát, tiện nghi, đồ ăn ngon, phong phú lựa chọn, sạch sẽ, dù bạn đi ăn một mình, với bạn bè, người thân, hay không gian tổ chức một bữa tiệc nhỏ nhỏ xinh xinh... Lotteria là lựa chọn tuyệt vời nhất.
Với voucher L-Chicken Burger Set bạn có:
- 01 Burger LChicken
- 01 Pepsi (M)","• Voucher không áp dụng hình thức đổi trả/ hủy/ hoàn tiền.
• Được sử dụng tối đa 5 voucher/ ngày/ hóa đơn.
• Không áp dụng đổi hàng cho đơn hàng số lượng lớn (theo quy định của Lotteria).
• Mỗi voucher chỉ được sử dụng 01 lần.
• Chỉ áp dụng cho một số sản phẩm nhất định.
• Trong trường hợp sản phẩm được chỉ định không có sẵn, khách hàng có thể lựa chọn các sản phẩm có cùng giá trị.
• Không đổi được ra tiền mặt một phần hoặc toàn bộ.
• Không hoàn trả hoặc bán lại được.
• Nếu giá tiền đơn đặt hàng của khách hàng vượt quá giá trị của voucher thì khách hàng phải thanh toán thêm số tiền chênh lệch đó.
• Voucher không áp dụng cho các chương trình khuyến mãi khác.
• Khách hàng có trách nhiệm bảo mật thông tin mã thẻ quà tặng sau khi đặt mua. Giftpop sẽ không chịu trách nhiệm hoàn trả các mã thẻ bị mất hoặc ở trạng thái ""đã sử dụng"" với bất kỳ lý do gì.
• Giftpop sẽ không chịu trách nhiệm đối với chất lượng của sản phẩm được cung cấp cũng như đối với các tranh chấp về sau giữa khách hàng và nhà cung cấp.
• Giftpop có quyền sửa chữa hoặc thay đổi điều khoản và điều kiện sử dụng mà không thông báo trước.
• Hotline Giftpop: 1900 55 88 12",FOOD_DRINK,64000,57500,VND,https://img.giftpop.vn/brand/LOTTERIA/1PEMP2425141401_BASIC_origin.jpg,https://www.giftpop.vn/category/view/1PEMP2425141401?category_code=A106,30,2026-08-20T17:00:00.000Z,2027-08-20T17:00:00.000Z,2026-08-20T17:00:00.000Z,2027-09-19T17:00:00.000Z,100,APPROVED,9048a2bfa47a69db35a536e0d75a91557088aaba54c96a04d5c6b6932838717c,2026-08-25T04:40:09.705Z
giftpop.vn,MP2205300002,Phiếu quà tặng Pizza 4P's 200k,"4P's có nghĩa ""For Peace"" - cho Hòa Bình tràn ngập trên toàn thế giới.
Tham vọng ở Pizza 4P's không chỉ đơn giản là ""Một nhà hàng Pizza tuyệt vời"" mà chúng tôi có một tầm nhìn lớn hơn thế nữa - Làm cho thế giới mỉm cười vì Hòa bình.
Phục vụ những món ăn ngon cho thực khách thưởng thức là một nghĩa vụ thiêng liêng của nhà hàng. Thêm vào đó, chúng tôi luôn cố gắng không chỉ là một nhà hàng đơn thuần mà điều chúng tôi mong muốn khi mỗi vị khách khi bước vào nhà hàng 4P’s đều cảm thấy phấn khích hơn, hạnh phúc trọn vẹn hơn. Mọi điều chúng tôi làm là luôn luôn hướng đến ""Mang lại WOW, Chia sẻ hạnh phúc"" cho tất cả mọi người.
Phiếu quà tặng Pizza 4P's có giá trị tương đương tiền mặt, được dùng để thanh toán hóa đơn mua hàng tại cửa hàng hoặc dịch vụ giao hàng tại Pizza 4P's. Phiếu quà tặng với nhiều mệnh giá sẽ là giải pháp hoàn hảo cho doanh nghiệp dùng tặng thưởng cho nhân viên, cũng sẽ là món quà ý nghĩa và thiết thực cho bạn dành tặng người thân, bạn bè nhân dịp lễ tết, sinh nhật...
Hướng dẫn sử dụng voucher trên website Pizza 4P's:
- Phiên bản máy tính Pizza 4P's
- Phiên bản điện thoại Pizza 4P's
1. Trên máy tính:
- Chọn sản phẩm cần mua cho vào Giỏ hàng
- Vào giỏ hàng, nhập mã voucher vào phần E-voucher. Bấm Use
- Nhập thông tin giao hàng
- Thanh toán phần tiền còn lại của Đơn hàng
2. Trên điện thoại:
- Chọn sản phẩm cần mua cho vào Giỏ hàng
- Vào giỏ hàng, nhập mã voucher vào phần Use your voucher. Bấm Use
- Nhập thông tin giao hàng
- Thanh toán phần tiền còn lại của Đơn hàng","• Voucher có thể áp dụng khi dùng bữa tại nhà hàng hoặc đặt hàng mang về trên website Pizza 4P’s.
• Voucher được áp dụng lễ Tết, nhà hàng phụ thu 15% phí dịch vụ.
• Với những trường khách hàng mua voucher ngoài các nền tảng không chính thống. Giftpop và Pizza 4PS sẽ không hỗ trợ. Mong quý khách thông cảm.
• Mỗi voucher được sử dụng 01 lần, có thể áp dụng nhiều voucher cho 01 hóa đơn.
• Voucher không có giá trị quy đổi thành tiền mặt, không được hoàn trả tiền thừa.
• Voucher quá hạn sử dụng hoặc ở trạng thái “đã sử dụng” sẽ không được chấp nhận thanh toán.
• Nếu giá trị đơn hàng vượt quá giá trị của voucher thì Quý khách sẽ thanh toán thêm cho khoản chênh lệch.
• Pizza 4P’s chịu trách nhiệm xuất hóa đơn tài chính khi Quý khách yêu cầu.
• Quý khách có trách nhiệm bảo mật thông tin mã thẻ quà tặng sau khi đặt mua. Giftpop và Pizza 4P’s sẽ không chịu trách nhiệm hoàn trả các mã thẻ bị mất hoặc ở trạng thái ""đã sử dụng"" với bất kỳ lý do gì.
• Giftpop sẽ không chịu trách nhiệm đối với chất lượng sản phẩm hoặc dịch vụ được cung cấp cũng như đối với các tranh chấp về sau giữa khách hàng và nhà cung cấp.
• Giftpop có quyền sửa chữa hoặc thay đổi điều khoản và điều kiện sử dụng mà không thông báo trước.
• Hotline Giftpop: 1900 55 88 12.",FOOD_DRINK,200000,194000,VND,https://img.giftpop.vn/brand/PIZZA4PS/MP2205300002_BASIC_origin.jpg,https://www.giftpop.vn/category/view/MP2205300002?category_code=A107,45,2026-08-20T17:00:00.000Z,2027-08-20T17:00:00.000Z,2026-08-20T17:00:00.000Z,2027-10-04T17:00:00.000Z,100,APPROVED,814a96a5440cf7bb2743598059dcc87533c067b0e18a6a90829fb5b93edb5722,2026-08-25T04:40:09.705Z
giftpop.vn,MP2107290004,Phiếu quà tặng Marc Fashion 200K,"Phiếu quà tặng MARC có giá trị tương đương tiền mặt từ 30.000 VNĐ - 1.000.000 VNĐ được dùng để thanh toán cho hóa đơn tại MARC.
Phiếu quà tặng MARC sẽ là giải pháp hoàn hảo cho doanh nghiệp dùng tặng hoặc thưởng cho nhân viên, cũng sẽ là món quà ý nghĩa và thiết thực cho bạn dành tặng cho bạn bè nhân mỗi dịp lễ tết, sinh nhật...
Các mẫu thiết kế của MARC luôn mang đậm phong cách phóng khoáng và tự do. Sự kết hợp hài hoà giữa hai dòng thời trang basic và trendy khiến các thiết kế vừa mang tính tiện dụng, phù hợp với nhiều bối cảnh hằng ngày mà vẫn bắt kịp xu hướng mốt của năm, hy vọng sẽ đáp ứng được sự yêu mến và tin cậy của quý khách hàng về dòng sản phẩm thời trang chất lượng cao.","• Khách hàng được áp dụng nhiều voucher/1 hóa đơn và được quyền tách hóa đơn (theo SP) để áp dụng nhiều voucher, nhưng không được quyền chuyển 1 phần hoặc toàn bộ voucher thành tiền mặt.
• Áp dụng cho tất cả các sản phẩm (bao gồm hàng giảm giá).
• Áp dụng cùng với các chương trình khuyến mãi khác.
• Áp dụng tích điểm cho chương trình khách hàng thân thiết.
• Áp dụng chung chương trình giảm giá thẻ thành viên, voucher thăng hạng, voucher sinh nhật, coupon giảm giá.
• Không áp dụng đổi trả hàng tại của hàng.
• Khách hàng vui lòng liên hệ Marc khi có nhu cầu xuất hoá đơn tài chính.
• Thời gian hoạt động: Từ 9h00 - 21h30.
• Không có giá trị quy đổi thành tiền mặt, không được hoàn trả tiền thừa.
• Voucher không hoàn trả hoặc bán lại được.
• Nếu giá trị đơn hàng của khách hàng vượt quá giá trị của voucher thì khách hàng phải thanh toán thêm khoản chênh lệch bằng tiền mặt, thẻ ATM, mastercard, thẻ visa...
• Khách hàng có trách nhiệm bảo mật thông tin mã thẻ quà tặng sau khi đặt mua. Giftpop sẽ không chịu trách nhiệm hoàn trả các mã thẻ bị mất hoặc ở trạng thái """"Đã sử dụng"""" với bất kỳ lý do gì.
• Giftpop sẽ không chịu trách nhiệm đối với chất lượng sản phẩm hoặc dịch vụ được cung cấp cũng như đối với các tranh chấp về sau giữa khách hàng và nhà cung cấp.
• Giftpop có quyền sửa chữa hoặc thay đổi điều khoản và điều kiện sử dụng mà không thông báo trước.
• Hạn sử dụng: 90 ngày kể từ ngày mua/gửi quà thành công từ Giftpop.vn.
• Hotline Giftpop: 1900 55 88 12.",SHOPPING_RETAIL,200000,192000,VND,https://img.giftpop.vn/brand/MARCFASHION/MP2107290004_BASIC_origin.jpg,https://www.giftpop.vn/category/view/MP2107290004?category_code=A108,7,2026-08-21T17:00:00.000Z,2027-08-21T17:00:00.000Z,2026-08-21T17:00:00.000Z,2027-08-28T17:00:00.000Z,100,APPROVED,b551981f4a37e4d33398313443457a764e0a0a09e4fd543a94c12f23cbc87df2,2026-08-25T04:40:09.705Z
giftpop.vn,MP2504290006,Gội Đầu Thư Giãn Chăm Sóc Chuyên Sâu 60 Phút,"Gói Gội Đầu Thư Giãn Chăm Sóc Chuyên Sâu 60 phút gồm các bước:
- Gội đầu thảo dược 2 lần
- Massage đầu cơ bản
- Vệ sinh da mặt
- Ủ tóc phục hồi
- Chườm ấm mắt và tai
- Sấy khô tóc
- Tinh chất dưỡng tóc
- Khai huyệt, nhấn huyệt mặt
- Massage cổ vai gáy, tay, đầu
- Massage đầu bằng thảo dược
- Xối nước thảo dược
- Chườm ấm mắt, bàn chân, đầu gối
- Chườm ấm bụng và vai
- Bóp chân
Tiệm gội Ả là nơi bạn tìm thấy sự thư giãn và chăm sóc trọn vẹn với gội đầu dưỡng sinh, massage trị liệu và chăm sóc tóc bằng thảo dược thiên nhiên. Mỗi liệu trình là một trải nghiệm giúp bạn xua tan mệt mỏi, phục hồi sức sống từ trong ra ngoài.
Ghé ngay Tiệm gội Ả để tận hưởng dịch vụ tốt nhất với sự tận tâm trong từng chi tiết!","• Mỗi voucher chỉ được sử dụng 01 lần có thể áp dụng được nhiều voucher cho 01 đơn hàng.
• Không có giá trị quy đổi thành tiền mặt, không được hoàn trả tiền thừa.
• Không hoàn trả hoặc bán lại được.
• Áp dụng cho sản phẩm được chỉ định.
• Nếu giá tiền đơn đặt hàng của khách hàng vượt quá giá trị của voucher thì khách hàng phải thanh toán thêm số tiền chênh lệch đó.
• Khách hàng có trách nhiệm bảo mật thông tin mã thẻ quà tặng sau khi đặt mua. Giftpop sẽ không chịu trách nhiệm hoàn trả các mã thẻ bị mất hoặc ở trạng thái ""Đã sử dụng"" với bất kỳ lý do gì.
• Giftpop sẽ không chịu trách nhiệm đối với chất lượng sản phẩm hoặc dịch vụ được cung cấp cũng như đối với các tranh chấp về sau giữa khách hàng và nhà cung cấp.
• Giftpop có quyền sửa chữa hoặc thay đổi điều khoản và điều kiện sử dụng mà không thông báo trước.
• Hotline Giftpop: 1900 55 88 12.",BEAUTY_HEALTH,149000,138570,VND,https://img.giftpop.vn/brand/TIEMGOIA/MP2504290006_BASIC_origin.jpg,https://www.giftpop.vn/category/view/MP2504290006?category_code=A110,30,2026-08-21T17:00:00.000Z,2027-08-21T17:00:00.000Z,2026-08-21T17:00:00.000Z,2027-09-20T17:00:00.000Z,100,APPROVED,d44ba07d2d2c0d87d00fedfde9a999a444c77b6fbdc9b14af22f445aac10f86d,2026-08-25T04:40:09.705Z
giftpop.vn,MP2104130006,Phiếu quà tặng PNJ 1000k,"PNJ tự hào luôn song hành trong từng đổi thay thế hệ phụ nữ Việt, mang đến những chế tác hoàn mỹ, tôn vinh và yêu chiều vẻ đẹp đích thực trong suốt những năm qua.
Mang nét đẹp đích thực ẩn chứa sau những câu chuyện rất riêng, mỗi dòng trang sức từ PNJ là lời ước hẹn yêu thương gửi đến phái đẹp. Một món nữ trang thẩm mỹ và đầy ý nghĩa giúp bạn chạm vào trái tim nàng bằng xúc cảm, cho chuyện tình đầy lãng mạn!","• Không áp dụng với các sản phẩm vàng 24K, vàng miếng, vàng nhẫn, khoen và kim cương vỉ.
• Đối với mua, bán vàng tại hệ thống của PNJ:
- ÁP DỤNG đối với giao dịch: Mua, bán vàng có giá trị dưới 20 triệu đồng trong 1 ngày của 1 khách hàng.
- KHÔNG ÁP DỤNG đối với giao dịch: Mua, bán vàng có giá trị từ 20 triệu trở lên trong 1 ngày của 1 khách hàng.
• Đối với mua, bán sản phẩm khác (không phải vàng) tại hệ thống của PNJ: Phiếu quà tặng áp dụng không giới hạn giá trị.
• Mỗi voucher được sử dụng 01 lần, chỉ áp dụng tối đa 20 voucher/01 hóa đơn.
• Không có giá trị quy đổi thành tiền mặt, không được hoàn trả tiền thừa.
• Không chấp nhận mã voucher quá hạn sử dụng, trạng thái đã sử dụng.
• Voucher đã sử dụng không áp dụng hoàn/ huỷ dưới mọi hình thức.
• Voucher được áp dụng chung với các chương trình khuyến mãi khác.
• Nếu giá trị đơn hàng của khách hàng vượt quá giá trị của voucher thì khách hàng phải thanh toán thêm khoản chênh lệch đó.
• Khách hàng có trách nhiệm bảo mật thông tin mã thẻ quà tặng sau khi đặt mua. Giftpop sẽ không chịu trách nhiệm hoàn trả các mã thẻ bị mất hoặc ở trạng thái ""đã sử dụng"" với bất kỳ lý do gì.
• Giftpop sẽ không chịu trách nhiệm đối với chất lượng sản phẩm hoặc dịch vụ được cung cấp cũng như đối với các tranh chấp về sau giữa khách hàng và nhà cung cấp.
• Giftpop có quyền sửa chữa hoặc thay đổi điều khoản và điều kiện sử dụng mà không thông báo trước.
• Hotline Giftpop: 1900 55 88 12.",SHOPPING_RETAIL,1000000,,VND,https://img.giftpop.vn/brand/PNJ/MP2104130006_BASIC_origin.jpg,https://www.giftpop.vn/category/view/MP2104130006?category_code=A111,45,2026-08-20T17:00:00.000Z,2027-08-20T17:00:00.000Z,2026-08-20T17:00:00.000Z,2027-10-04T17:00:00.000Z,100,APPROVED,b2b5d297c49ffa4cf8ad8851cbc12feba99e5216e2b2d650b571f9e33157ecb7,2026-08-25T04:40:09.705Z
giftpop.vn,MP2508150003,H Plus Gói Tầm Soát Ung Thư Đường Tiêu Hóa Trên,"Các dịch vụ trong gói khám bao gồm:
1. Khám lâm sàng
2. Nội soi đường tiêu hóa trên (Thực quản, dạ dày)
3. Test HP qua phân
4. Xét nghiệm CEA (dấu ấn ung thư đại trực tràng)
5. Đọc kết quả tư vấn với bác sĩ chuyên khoa","• Mỗi phiếu quà tặng chỉ được sử dụng một lần, có thể áp dụng nhiều phiếu quà tặng trên một hóa đơn.
• Phiếu quà tặng không được hủy/đổi/trả/hoàn tiền.
• Phiếu quà tặng không được quy đổi thành tiền mặt.
• Hplus sẽ xuất hóa đơn VAT theo yêu cầu của khách hàng.
• Khách hàng có trách nhiệm bảo mật thông tin mã thẻ quà tặng sau khi đặt mua. Giftpop sẽ không chịu trách nhiệm hoàn trả các mã thẻ bị mất hoặc ở trạng thái ""Đã sử dụng"" với bất kỳ lý do gì.
• Giftpop sẽ không chịu trách nhiệm đối với chất lượng sản phẩm hoặc dịch vụ được cung cấp cũng như đối với các tranh chấp về sau giữa khách hàng và nhà cung cấp.
• Giftpop có quyền sửa chữa hoặc thay đổi điều khoản và điều kiện sử dụng mà không thông báo trước.
• Hotline Giftpop: 1900 55 88 12.",BEAUTY_HEALTH,5550000,4995000,VND,https://img.giftpop.vn/brand/HPLUS/MP2508150003_BASIC_origin.jpg,https://www.giftpop.vn/category/view/MP2508150003?category_code=A112,45,2026-08-20T17:00:00.000Z,2027-08-20T17:00:00.000Z,2026-08-20T17:00:00.000Z,2027-10-04T17:00:00.000Z,100,APPROVED,9d6739399348a055afcc458e7848d20a7581d5a108e4d699b0989e455c8bb34c,2026-08-25T04:40:09.705Z
giftpop.vn,MP2308220030,Thẻ điện thoại Vietnamobile 200K,"Vietnamobile là mạng di động viễn thông dành cho giới trẻ với mong muốn kết nối thế hệ trẻ Việt nam với Thế giới, giúp mọi người “hòa nhịp” tri thức cũng như thư giãn với các dịch vụ đa dạng, Vietnamobile hỗ trợ tối đa với chi phí hợp lí nhất.
*** Cách nạp mã thẻ: Khách hàng nạp mã thẻ theo cấu trúc sau:
Thuê bao trả trước: *100*Mã thẻ#
Thuê bao trả sau:","• Mỗi voucher chỉ được sử dụng 01 lần.
• Không có giá trị quy đổi thành tiền mặt.
• Không áp dụng hoàn, hủy voucher sau khi khách hàng đổi voucher thành công.
• Khách hàng có trách nhiệm bảo mật thông tin mã thẻ quà tặng sau khi đặt mua. Giftpop sẽ không chịu trách nhiệm hoàn trả các mã thẻ bị mất hoặc ở trạng thái ""Đã sử dụng"" với bất kỳ lý do gì.
• Giftpop sẽ không chịu trách nhiệm đối với chất lượng sản phẩm hoặc dịch vụ được cung cấp cũng như đối với các tranh chấp về sau giữa khách hàng và nhà cung cấp.
• Giftpop có quyền sửa chữa hoặc thay đổi điều khoản và điều kiện sử dụng mà không thông báo trước.
• Hotline Giftpop: 1900 55 88 12.",DIGITAL_TELECOM,200000,,VND,https://img.giftpop.vn/brand/VIETNAMOBILE/MP2308220030_BASIC_origin.jpg,https://www.giftpop.vn/category/view/MP2308220030?category_code=A113,30,2026-08-19T17:00:00.000Z,2027-08-19T17:00:00.000Z,2026-08-19T17:00:00.000Z,2027-09-18T17:00:00.000Z,100,APPROVED,6d30537e9a211a2fa6aaddaf5ec598ec9eb4b72c79b8549fcaced55fd5d3dd5d,2026-08-25T04:40:09.705Z
giftpop.vn,MP2401310001,Thẻ Game Soha 50K,"Thẻ game là loại thẻ có mã số thẻ và mã seri giống như các loại thẻ cào điện thoại. Loại thẻ này có công dụng giúp người chơi game nạp tiền vào tài khoản game của mình để sở hữu những vật phẩm có trả phí của game.
*** Hướng dẫn sử dụng:
Bước 1: Truy cập website Pay.sohagame.vn
Bước 2: Đăng nhập tài khoản, nhập tên đăng nhập và mật khẩu
Bước 3: Tìm đến mục ""Nạp thẻ"".
Bước 4: Chọn hình thức thanh toán ""Thẻ game"", Chọn ""Thẻ cào Sohagame"".
Bước 5: Nhập thông tin thẻ, Nhập mã số thẻ và số seri.
Bước 6: Xác nhận và hoàn tất nạp thẻ, Nhấn ""Nạp"" và đợi xác nhận.","• Mỗi voucher chỉ được sử dụng 01 lần.
• Không có giá trị quy đổi thành tiền mặt.
• Không áp dụng hoàn, hủy voucher sau khi khách hàng đổi voucher thành công.
• Khách hàng có trách nhiệm bảo mật thông tin mã thẻ quà tặng sau khi đặt mua. Giftpop sẽ không chịu trách nhiệm hoàn trả các mã thẻ bị mất hoặc ở trạng thái ""Đã sử dụng"" với bất kỳ lý do gì.
• Giftpop sẽ không chịu trách nhiệm đối với chất lượng sản phẩm hoặc dịch vụ được cung cấp cũng như đối với các tranh chấp về sau giữa khách hàng và nhà cung cấp.
• Giftpop có quyền sửa chữa hoặc thay đổi điều khoản và điều kiện sử dụng mà không thông báo trước.
• Hotline Giftpop: 1900 55 88 12.",DIGITAL_TELECOM,50000,,VND,https://img.giftpop.vn/brand/SOHACOIN/MP2401310001_BASIC_origin.jpg,https://www.giftpop.vn/category/view/MP2401310001?category_code=A114,7,2026-08-19T17:00:00.000Z,2027-08-19T17:00:00.000Z,2026-08-19T17:00:00.000Z,2027-08-26T17:00:00.000Z,100,APPROVED,0a566b800b6e83d6de1ca7623414ad5d2fbb704a670c97bf38f6b4f9335e573b,2026-08-25T04:40:09.705Z
giftpop.vn,MP2512230008,Suối Tiên - Combo Khám Phá và Công Viên Nước Dành Cho Trẻ Em,Combo Khám Phá và Công Viên Nước gồm:
- Vé Cổng
- Xe Taxi
- Kỳ Lân Cung
- Lâu Đài Tuyết
- Âm Cung Đệ Nhất Cung Đình Tửu
- Bí Mật Rừng Phù Thủy
- Cối Xay Thần Gió
- Du Thuyền Tứ Linh
- Biển Tiên Đồng Ngọc Nữ,"• Quý Khách vui lòng xuất trình voucher trước khi thanh toán.
- Voucher chỉ áp dụng trước khi vào cổng
- Khách có voucher vui lòng đổi vé tại phòng hướng dẫn du lịch
• Quy định tính vé: - Dưới 1m: Miễn vé (Trừ các trò chơi tại khu Mega Zone).
- Từ 1m đến dưới 1m4: Áp dụng giá vé dành cho trẻ em.
- Từ 1m4 trở lên: Áp dụng giá vé dành cho người lớn.
• Ngày áp dụng: Tất cả các ngày trừ lễ tết (tết dương lịch, tết nguyên đán (từ mùng 1- mùng 10 tết), Giỗ tổ Hùng Vương, 30/4 – 1/5, 01/9, 02/9)
• Giờ áp dụng: 08h00 - 17h00
• Mỗi voucher được sử dụng 01 lần, có thể áp dụng nhiều voucher cho 01 hóa đơn.
• Không có giá trị quy đổi thành tiền mặt, không được hoàn trả tiền thừa.
• Không chấp nhận mã voucher quá hạn sử dụng, trạng thái đã sử dụng.
• Voucher không áp dụng song song với các ưu đãi khác tại Suối Tiên.
• Suối Tiên chịu trách nhiệm xuất hóa đơn tài chính khi khách hàng yêu cầu.
• Nghiêm cấm mọi hình thức mua đi bán lại, kinh doanh trái với qui định của Giftpop và cửa hàng
• Suối Tiên có quyền từ chối áp dụng và thu hồi voucher khi phát hiện voucher đó nằm trong hành vi mua đi bán lại, kinh doanh trái với quy định của Giftpop và cửa hàng
• Nếu giá trị đơn hàng của khách hàng vượt quá giá trị của voucher thì khách hàng phải thanh toán thêm khoản chênh lệch cho Suối Tiên.
• Địa điểm đổi vé: tại phòng hướng dẫn du lịch (phòng đổi vé).
• Các thức đổi vé: Khách hàng vui lòng xuất trình đường link có chứa mã code tại phòng hướng dẫn Suối Tiên để xác thực và đổi vé.
• Địa chỉ: 120 Xa Lộ Hà Nội, Phường Tân Phú, TP Thủ Đức, TP. HCM Thời gian áp dụng: 90 ngày
• Khách hàng có trách nhiệm bảo mật thông tin mã thẻ quà tặng sau khi đặt mua. Giftpop sẽ không chịu trách nhiệm hoàn trả các mã thẻ bị mất hoặc ở trạng thái ""Đã sử dụng"" với bất kỳ lý do gì.
• Giftpop sẽ không chịu trách nhiệm đối với chất lượng của sản phẩm được cung cấp cũng như đối với các tranh chấp về sau giữa khách hàng và nhà cung cấp.
• Giftpop có quyền sửa chữa hoặc thay đổi điều khoản và điều kiện sử dụng mà không thông báo trước.
• Hotline Giftpop: 1900 55 88 12",ENTERTAINMENT,300000,,VND,https://img.giftpop.vn/brand/SUOITIEN/MP2512230008_BASIC_origin.jpg,https://www.giftpop.vn/category/view/MP2512230008?category_code=A116,45,2026-08-19T17:00:00.000Z,2027-08-19T17:00:00.000Z,2026-08-19T17:00:00.000Z,2027-10-03T17:00:00.000Z,100,APPROVED,3bf126f08f9c4b43969ee2b992036b5e2b0fbd2a8d86a96ac5feef031ce0b632,2026-08-25T04:40:09.705Z
giftpop.vn,MP2605150004,Phiếu quà tặng LOTTE Mart 300.000 VNĐ,"""LOTTE Mart là hệ thống siêu thị và đại siêu thị thuộc Tập đoàn Lotte (Hàn Quốc) – một trong những tập đoàn bán lẻ hàng đầu châu Á. Ra mắt tại Việt Nam từ năm 2008, LOTTE Mart nhanh chóng trở thành điểm mua sắm quen thuộc của hàng triệu gia đình nhờ không gian hiện đại, sản phẩm phong phú và dịch vụ chuyên nghiệp.
Với danh mục hàng chục nghìn sản phẩm từ thực phẩm tươi sống, nhu yếu phẩm, hàng gia dụng đến thời trang và mỹ phẩm, LOTTE Mart đáp ứng đa dạng nhu cầu của người tiêu dùng. Bên cạnh đó, thương hiệu còn phát triển các dòng sản phẩm riêng (Private Brand) chất lượng cao, giá cả hợp lý, mang đến nhiều lựa chọn tiết kiệm và an toàn cho khách hàng.
Theo đuổi triết lý “Tiện lợi – Chất lượng – Tận tâm”, LOTTE Mart không chỉ tạo nên trải nghiệm mua sắm hiện đại mà còn hướng đến phát triển bền vững, gắn kết với cộng đồng và nâng cao chất lượng cuộc sống người Việt.""","• Quý khách vui lòng xuất trình voucher cho nhân viên để thanh toán.
• Mỗi voucher chỉ được sử dụng 01 lần, có thể áp dụng được tối đa 20 vouchers trên một hóa đơn.
• Không có giá trị quy đổi thành tiền mặt, không được hoàn trả tiền thừa.
• Voucher đã phát hành, không chấp nhận hủy/ đổi/ trả/ hoàn tiền.
• Không chấp nhận mã voucher quá hạn sử dụng, trạng thái đã sử dụng.
• Nếu giá trị đơn hàng của khách hàng vượt quá giá trị của voucher thì khách hàng phải thanh toán thêm khoản chênh lệch đó.
• LOTTE Mart chịu trách nhiệm xuất hóa đơn giá trị gia tăng (VAT), khi khách hàng có nhu cầu.
• Khách hàng có trách nhiệm bảo mật thông tin mã thẻ quà tặng sau khi đặt mua. Giftpop sẽ không chịu trách nhiệm hoàn trả các mã thẻ bị mất hoặc ở trạng thái ""đã sử dụng"" với bất kỳ lý do gì.
• Giftpop sẽ không chịu trách nhiệm đối với chất lượng của sản phẩm hoặc dịch vụ được cung cấp cũng như đối với các tranh chấp về sau giữa khách hàng và nhà cung cấp.
• Giftpop có quyền sửa chữa hoặc thay đổi điều khoản và điều kiện sử dụng mà không thông báo trước.
• Hotline Giftpop: 1900 55 88 12",SHOPPING_RETAIL,300000,,VND,https://img.giftpop.vn/brand/LOTTEMART/MP2605150004_BASIC_origin.jpg,https://www.giftpop.vn/category/view/MP2605150004?category_code=A117,7,2026-08-19T17:00:00.000Z,2027-08-19T17:00:00.000Z,2026-08-19T17:00:00.000Z,2027-08-26T17:00:00.000Z,100,APPROVED,b0ffad3477d06c897c79668f3d8ab99c3ca870efc2204f55e2b641495b9f04c0,2026-08-25T04:40:09.705Z
giftpop.vn,MP2307180007,Voucher ưu đãi 5 buổi bơi khi mua gói 24 buổi,"Đến với BB Wellness, các bé từ 7 tuần tuổi đến 2 tuổi (~15kg) sẽ được tham gia liệu trình bơi nổi và massage từ 40 – 45 phút giúp bé phát triển toàn diện về thể chất và trí não.
Với em bé dưới 2 tuổi, em bé chỉ nên vận động từ 15 đến 20 phút và massage nhẹ nhàng trong vòng 15 phút tiếp theo. Cộng thêm những hoạt động khác như làm quen, thay tã, đeo phao thì quy trình bơi phù hợp nhất với mục đích vận động chỉ nên kéo dài từ 40 - 45 phút. Sau đó, bé nên được nghỉ ngơi theo đúng chu kỳ. Việc học flash card trong thời gian này sẽ làm bé cảm thấy mệt mỏi và khó tiếp thu.
BB Wellness sẽ là điểm đến an toàn, tin cậy, chất lượng, mang đến dịch vụ tốt nhất dành cho bé.
Voucher bạn có:
- Voucher ưu đãi 5 buổi bơi khi mua gói 24 buổi","• Voucher ưu đãi thêm 5 buổi bơi khi khách hàng đã mua gói từ 24 buổi tại BB Wellness và chỉ áp dụng chung thời gian theo gói đã mua.
• Mỗi voucher chỉ được sử dụng 01 lần, không áp dụng đồng thời nhiều voucher cùng một lúc.
• Không có giá trị quy đổi thành tiền mặt, không được hoàn trả tiền thừa.
• Nếu giá trị đơn hàng của khách hàng vượt quá giá trị của voucher, quý khách vui lòng thanh toán thêm khoản chênh lệch bằng các hình thức thanh toán khác.
• Voucher chưa bao gồm VAT.
• BB Wellnesss chịu trách nhiệm xuất hóa đơn khi khách hàng yêu cầu. Khách hàng vui lòng thanh toán thêm VAT khi xuất hoá đơn.
• Không áp dụng đồng thời cùng các chương trình khuyến mãi khác.
• Giftpop sẽ không chịu trách nhiệm đối với chất lượng sản phẩm hoặc dịch vụ được cung cấp cũng như đối với các tranh chấp về sau giữa khách hàng và nhà cung cấp.
• Giftpop có quyền sửa chữa hoặc thay đổi điều khoản và điều kiện sử dụng mà không thông báo trước.
• Hạn sử dụng: 90 ngày
• Hotline Giftpop: 1900 55 88 12
• Địa điểm áp dụng: Hồ Chí Minh, Dĩ An, Biên Hoà, Cần Thơ, Hải Phòng, Xuân Diệu Hà Nội
• Sau khi nhận được mã voucher từ Giftpop. Khách hàng vui lòng liên hệ hotline, hoặc nhắn tin qua facebook BBWellnessSpa đọc mã voucher (đầu số 999) để đặt lịch hẹn cho bé hệ thống BB wellness trên toàn quốc.",SHOPPING_RETAIL,1500000,1399000,VND,https://img.giftpop.vn/brand/BBWELLNESS/MP2307180007_BASIC_origin.jpg,https://www.giftpop.vn/category/view/MP2307180007?category_code=A118,7,2026-08-20T17:00:00.000Z,2027-08-20T17:00:00.000Z,2026-08-20T17:00:00.000Z,2027-08-27T17:00:00.000Z,100,APPROVED,1b8c33f9ddaaf68ab9ad299e9d60d254371de14baf615145145d1f3daf78f901,2026-08-25T04:40:09.705Z
giftpop.vn,CB2012100002,Phiếu quà tặng K-Market 1000k (100k x 10),"Phiếu quà tặng K-Market sẽ là giải pháp hoàn hảo cho doanh nghiệp dùng tặng hoặc thưởng cho nhân viên, cũng sẽ là món quà ý nghĩa và thiết thực cho bạn dành tặng cho bạn bè, người thân mỗi dịp lễ tết, sinh nhật… Phiếu quà tặng tiền mặt áp dụng để mua được tất cả các sản phẩm tại cửa hàng một cách nhanh chóng, sử dụng dễ dàng, lan tỏa yêu thương.
Các sản phẩm tại K-Market hầu hết được nhập khẩu trực tiếp từ Hàn Quốc, đảm bảo vệ sinh, an toàn cho sức khỏe người tiêu dùng, ngoài ra với gần 10.000 mặt hàng tại K-Market làm phong phú cho sự lựa chọn khách hàng.
1. Chi tiết hình ảnh phiếu quà tặng K-Market 10 lần sử dụng hiển thị trong cùng 1 trang voucher như hình ảnh minh họa.
2. Cách sử dụng K-Market voucher book (10 lần sử dụng)
Bước 1: Bạn vui lòng xuất trình hình ảnh voucher đã tải về máy/nội dung chi tiết được mở từ link trong tin nhắn cho thu ngân để thực hiện quy đổi.
Bước 2: Vui lòng thông báo cho thu ngân biết số lần bạn muốn đổi.
Bước 3: Vui lòng kiểm tra lại hình ảnh voucher đã được đổi trạng thái "" đã sử dụng"" để đảm bảo số lần bạn yêu cầu sử dụng là chính xác. Thông báo chính xác để nhân viên hoàn tất thanh toán đơn hàng.","• Để sử dụng voucher khách hàng vui lòng mua hàng hóa bằng hoặc nhiều hơn giá trị của Voucher.
• Không áp dụng voucher để mua bia Tiger.
• Sản phẩm khách hàng mua có thể bị giới hạn tùy theo tình hình hàng hóa có sẵn tại cửa hàng. Để mua đơn hàng số lượng lớn, khách hàng vui lòng liên hệ Giftpop để được hỗ trợ.
• Mỗi voucher chỉ được sử dụng 01 lần, có thể áp dụng được nhiều voucher trên hóa đơn.
• Voucher không áp dụng hình thức hủy/ đổi/ trả/ hoàn tiền.
• Không đổi được ra tiền mặt một phần hoặc toàn bộ.
• Không hoàn trả hoặc bán lại được, không hoàn/ hủy voucher sau khi sử dụng thành công.
• Không áp dụng với chương trình tích điểm Membership của K Market.
• Không áp dụng với các chương trình giảm giá khác khi thanh toán bằng thẻ.
• Không áp dụng với các chương trình khuyến mãi khác tại cửa hàng.
• Có thể áp dụng cùng với Phiếu Quà Tặng giấy của K Market.
• Giá trị đơn hàng thanh toán phải cao hơn giá trị của Voucher.
• Nếu giá tiền đơn đặt hàng của khách hàng vượt quá giá trị của voucher thì khách hàng phải thanh toán thêm số tiền chênh lệch đó.
• K-Market sẽ xuất hóa đơn VAT khi khách hàng có yêu cầu.
• Khách hàng có trách nhiệm bảo mật thông tin mã thẻ quà tặng sau khi đặt mua. Giftpop sẽ không chịu trách nhiệm hoàn trả các mã thẻ bị mất hoặc ở trạng thái ""đã sử dụng"" với bất kỳ lý do gì.
• Giftpop sẽ không chịu trách nhiệm đối với chất lượng của sản phẩm được cung cấp cũng như đối với các tranh chấp về sau giữa khách hàng và nhà cung cấp.
• Giftpop có quyền sửa chữa hoặc thay đổi điều khoản và điều kiện sử dụng mà không thông báo trước.
• Hạn sử dụng: 90 ngày kể từ ngày mua.
• Hotline Giftpop: 1900 55 88 12",SHOPPING_RETAIL,1000000,970000,VND,https://img.giftpop.vn/combo/CB2012100002_BASIC_origin.jpg,https://www.giftpop.vn/category/view/CB2012100002?category_code=A119,30,2026-08-21T17:00:00.000Z,2027-08-21T17:00:00.000Z,2026-08-21T17:00:00.000Z,2027-09-20T17:00:00.000Z,100,APPROVED,124cabae459ed5dc4f0541fb5aa8471908962afb5f97b0c8646177ef86e10d2f,2026-08-25T04:40:09.705Z
giftpop.vn,MP2212080005,Phiếu quà tặng Beloved & Beyond 200K,"Beloved & Beyond là nền tảng thương mại điện tử đầu tiên chuyên dành cho sản phẩm hoa và quà tặng tại Việt Nam. Kết nối khách hàng với nhà bán quà tặng trên một nền tảng duy nhất, Beloved & Beyond giúp quý khách hàng tìm kiếm và lựa chọn quà tặng phù hợp nhất dành tặng những người thân yêu một cách tiện lợi và nhanh chóng.
Quà tặng đa dạng - Tìm kiếm dễ dàng - Thanh toán an toàn - Giao hàng toàn quốc. Trải nghiệm ngay nhé!
Phiếu quà tặng được áp dụng thanh toán online tại website và App Beloved & Beyond.","• Mỗi voucher chỉ được sử dụng 01 lần, có thể áp dụng được nhiều voucher trên hóa đơn.
• Voucher áp dụng khi khách mua sắm trực tiếp tại website Beloved & Beyond và mobile app Beloved & Beyond.
• Không đổi được ra tiền mặt một phần hoặc toàn bộ.
• Không hoàn trả hoặc bán lại được.
• Nếu giá tiền đơn đặt hàng của khách hàng vượt quá giá trị của voucher thì khách hàng phải thanh toán thêm số tiền chênh lệch đó.
• Beloved & Beyond sẽ xuất hóa đơn khi khách hàng có yêu cầu.
• Voucher áp dụng cho các chương trình khuyến mãi khác.
• Thời gian hoạt động 24/24 và xuyên suốt các mùa lễ, trừ các ngày Tết Nguyên Đán.
• Khách hàng có trách nhiệm bảo mật thông tin mã thẻ quà tặng sau khi đặt mua. Giftpop sẽ không chịu trách nhiệm hoàn trả các mã thẻ bị mất hoặc ở trạng thái ""đã sử dụng"" với bất kỳ lý do gì.
• Giftpop sẽ không chịu trách nhiệm đối với chất lượng của sản phẩm được cung cấp cũng như đối với các tranh chấp về sau giữa khách hàng và nhà cung cấp.
• Giftpop có quyền sửa chữa hoặc thay đổi điều khoản và điều kiện sử dụng mà không thông báo trước.
• Hạn sử dụng: 90 ngày kể từ ngày mua.
• Hotline Giftpop: 1900 55 88 12",LIFESTYLE_SERVICES,200000,190000,VND,https://img.giftpop.vn/brand/BELOVEDBEYOND/MP2212080005_BASIC_origin.jpg,https://www.giftpop.vn/category/view/MP2212080005?category_code=A120,30,2026-08-20T17:00:00.000Z,2027-08-20T17:00:00.000Z,2026-08-20T17:00:00.000Z,2027-09-19T17:00:00.000Z,100,APPROVED,4c0ba6437b42f48e69fb39f8ce130c22e49ae9d025716e7874c6ce2d727fdd79,2026-08-25T04:40:09.705Z
giftpop.vn,MP2509230002,Phiếu quà tặng Be di chuyển 100k,"Với tham vọng trở thành nền tảng tiêu dùng số 1 đa dịch vụ phục vụ mọi nhu cầu thiết yếu hàng ngày của 20 triệu người tiêu dùng Việt, Be hiện đang cung cấp nhiều dịch vụ bao gồm vận tải, giao hàng, giao đồ ăn, mua sắm nhu yếu phẩm, bảo hiểm, dịch vụ viễn thông cũng như tiếp tục phát triển và ra mắt các sản phẩm mới. Kể từ khi ra mắt vào năm 2019, Ứng dụng Be đã được tải xuống hơn 20 triệu lần, hiện đang phục vụ hơn 10 triệu giao dịch hàng tháng và ngày càng phát triển. Be hiện đã mở rộng hoạt động đến 28 tỉnh, thành phố và là nền tảng phát triển nhất của Việt Nam trong lĩnh vực vận tải công nghệ. Be Group đã nhanh chóng thiết lập hệ sinh thái số công nghệ của riêng mình bao gồm hàng triệu người dùng, tài xế và đối tác kinh doanh, đồng thời mở rộng quan hệ hợp tác đa dạng với các tập đoàn trong nước, các công ty công nghệ khác và những tổ chức cung cấp những giải pháp về tài chính để đáp ứng nhu cầu thiết yếu hàng ngày của người dùng bao gồm vận chuyển, giao hàng, giao đồ ăn và nhu yếu phẩm.
Hướng dẫn sử dụng E - Voucher:
Trường hợp 1: Áp dụng mã ngay khi sử dụng dịch vụ.
Bước 1: Tại màn hình đặt xe, chọn “Ưu đãi”.
Bước 2: Nhập mã voucher, bấm “Sử dụng”.
Bước 3: Pop up thông báo mã khuyến mại được áp dụng thành công và sẵn sàng để sử dụng.
Bước 4: Chuyến đi được áp mã giảm giá. Bấm “Đặt xe” để tìm Tài xế và di chuyển.
Trường hợp 2: Lưu mã vào app để sử dụng sau.
Bước 1: Tại màn hình chính của app Be, chọn mục “Đổi ưu đãi”.
Bước 2: Chọn “Ưu đãi”.
Bước 3: Chọn đúng dịch vụ của voucher và nhập mã voucher, bấm “Sử dụng”.
Bước 4: Pop up thông báo mã khuyến mại được áp dụng thành công và sẵn sàng để sử dụng.
Hướng dẫn kiểm tra mã ưu đãi:
Bước 1: Tại màn hình chính của app Be, chọn mục “Đổi ưu đãi”.
Bước 2: Chọn “Ưu đãi”.
Bước 3: Chọn đúng dịch vụ của Voucher / Combo Voucher để kiểm tra “Đặt xe”, “Giao hàng”, “Món ăn”.
Bước 4: Lướt tìm các Ưu đãi đã được lưu vào ví.","• Voucher áp dụng cho đơn hàng be Transport.
• Khách hàng phải sử dụng (nhập mã) e -Voucher hợp lệ trước khi sử dụng Dịch Vụ thông qua Ứng dụng Be.
• Khách hàng phải thanh toán số tiền thiếu còn lại (nếu có) sau khi đã sử dụng e -Voucher.
Mỗi giao dịch chỉ áp dụng tối đa 01 (một) e -Voucher.
• Áp dụng cho phương thức thanh toán Dịch Vụ: thanh toán bằng tiền mặt, bằng thẻ ngân hàng (giao dịch thanh toán trực tuyến tự động) và các ví điện tử tích hợp trong Ứng dụng Be.
• Hạn sử dụng: 19/9/2026
• Địa bàn sử dụng: áp dụng tại các tỉnh thành mà Be cung cấp dịch vụ.
• Mỗi e -Voucher không có giá trị quy đổi thành tiền mặt hoặc hoàn tiền hoặc trả tiền thừa.
• Các cá nhân sở hữu e-Voucher không được phép chuyển nhượng cho người khác.
• E -Voucher không được hoàn lại khi hủy giao dịch hoặc nếu lỗi phát sinh từ phía người sử dụng/Khách hàng và/hoặc Bên B.
• Không áp dụng đối với giao dịch hoàn/hủy (bao gồm cả hoàn/hủy một phần hoặc toàn bộ).",TRANSPORT,100000,,VND,https://img.giftpop.vn/brand/BE/MP2509230002_BASIC_origin.jpg,https://www.giftpop.vn/category/view/MP2509230002?category_code=A122,45,2026-08-21T17:00:00.000Z,2027-08-21T17:00:00.000Z,2026-08-21T17:00:00.000Z,2027-10-05T17:00:00.000Z,100,APPROVED,405bc2c1dd1da57d312c2dd7218e09b368552c93fbe95f8f0da234885c9fa00e,2026-08-25T04:40:09.705Z
